русский,язык
английский,язык
литературный,язык
картина,мир
немецкий,язык
языковой,личность
русский,речь
тюркский,язык
языковой,картина
фразеологический,единица
зарубежный,лингвистика
французский,язык
семантический,поле
иностранный,язык
семантический,структура
когнитивный,лингвистика
разговорный,речь
настоящий,время
лексический,единица
речевой,акт
языковой,единица
языковой,сознание
речевой,деятельность
лексический,значение
анализ,язык
система,язык
языковой,средство
имя,существительное
межкультурный,коммуникация
татарский,язык
логический,анализ
грамматический,категория
сложный,предложение
русский,грамматика
простой,предложение
политический,дискурс
общий,языкознание
языковой,система
речевой,жанр
носитель,язык
семантический,группа
язык,славянский
славянский,язык
речевой,поведение
речевой,общение
семантический,анализ
лингвистический,анализ
структура,слово
лингвистический,термин
прагматический,аспект
функциональный,грамматика
ключевой,слово
русский,глагол
теория,язык
русский,литература
русский,фразеология
член,предложение
сложный,слово
лексический,семантика
множественный,число
единица,язык
речевой,воздействие
сложноподчиненный,предложение
структура,предложение
германский,язык
когнитивный,аспект
родной,язык
порядок,слово
дагестанский,язык
история,язык
форма,глагол
функциональный,стиль
словарный,состав
аварский,язык
синтаксический,конструкция
языковой,игра
устный,речь
лексический,система
теория,перевод
башкирский,язык
семантика,слово
структура,язык
древнерусский,язык
семантический,категория
прошедший,время
синтаксический,структура
китайский,язык
производный,слово
языковой,значение
русский,говор
испанский,язык
художественный,речь
тип,языковой
средство,язык
языковый,единица
грамматический,значение
национальный,язык
языковой,явление
описание,язык
теория,метафора
монгольский,язык
лингвистический,теория
развитие,язык
лезгинский,язык
исторический,грамматика
даргинский,язык
русский,синтаксис
грамматический,форма
коммуникативный,аспект
лингвистический,семантика
лингвистический,аспект
семантический,система
жанр,речь
естественный,язык
речевой,коммуникация
объект,лингвистический
азербайджанский,язык
индоевропейский,язык
семантический,тип
русский,словообразование
иностранный,слово
таджикский,язык
смысловой,структура
уровень,язык
турецкий,язык
прикладной,лингвистика
речевой,этикет
грамматический,строй
модальный,значение
сплошной,выборка
структурный,лингвистика
семантический,признак
семантический,аспект
глагол,движение
языковой,ситуация
придаточный,предложение
теория,коммуникация
технический,терминология
прямой,речь
языковой,номинация
группа,слово
именной,группа
коммуникативный,стратегия
чувашский,язык
диалогический,речь
синтаксический,единица
концептуальный,анализ
якутский,язык
имя,прилагательное
семантический,характеристика
аспект,языковой
ассоциативный,эксперимент
значение,глагол
форма,слово
язык,грамматический
аспект,язык
лексический,средство
узбекский,язык
коммуникативный,поведение
коммуникативный,ситуация
когнитивный,семантика
функциональный,аспект
иноязычный,слово
алтайский,язык
поэтический,язык
великорусский,язык
семантический,отношение
письменный,речь
единственный,число
географический,название
кумыкский,язык
функция,язык
модальный,слово
казахский,язык
лексика,современный
теоретический,грамматика
служебный,слово
лексический,состав
кавказский,язык
анализ,лексика
падежный,форма
коммуникативный,функция
номинативный,единица
лингвистический,описание
компонент,значение
употребление,слово
синтаксический,функция
когнитивный,подход
лексикографический,описание
аспект,семантика
теория,дискурс
русский,словесность
поэтический,речь
личный,местоимение
языковой,контакт
детский,речь
категория,время
лингвистический,прагматика
функционирование,язык
родительный,падеж
категория,модальность
семантический,компонент
романский,язык
знаковый,система
временный,форма
вспомогательный,глагол
способ,словообразование
научный,речь
синтаксический,связь
грамматический,учение
языковый,знак
класс,слово
функциональный,семантика
языковой,знак
деловой,письменность
бурятский,язык
когнитивный,модель
речевой,действие
лексикографический,источник
философия,язык
русский,лексика
история,языкознание
языковой,уровень
состав,язык
анализ,дискурс
русский,пословица
будущий,время
арабский,язык
научный,стиль
семантический,связь
когнитивный,термин
семантический,класс
ассоциативный,поле
структурный,тип
балкарский,язык
типология,язык
диалектный,лексика
стилистический,прием
речевой,ситуация
языковой,норма
группа,глагол
тип,дискурс
стилистический,особенность
русский,языкознание
отдельный,слово
исторический,лексикология
марийский,язык
лингвистический,литература
структура,концепт
семантический,пространство
термин,родство
сравнительный,анализ
история,слово
грамматический,средство
публицистический,стиль
определение,понятие
предметный,область
пространство,язык
славянский,языкознание
языковой,политика
структура,значение
морфологический,категория
семантика,язык
особенность,язык
язык,сми
лакский,язык
тип,предложение
язык,теоретический
сочетание,слово
когнитивный,структура
коммуникативный,акт
политический,лингвистика
языковой,выражение
чужой,речь
конкретный,язык
сравнительный,типология
многозначный,слово
русский,терминология
выразительный,средство
когнитивный,анализ
функциональный,особенность
художественный,перевод
прямой,дополнение
переносный,значение
грамматический,класс
синтаксический,средство
семантика,глагол
категория,вид
членение,предложение
фразеологический,значение
категория,число
удмуртский,язык
семантический,деривация
уровень,языковой
синтаксический,уровень
модальный,глагол
тип,лексический
тувинский,язык
языковой,общение
разговорный,язык
грамматический,семантика
стилистический,функция
устойчивый,словосочетание
взаимодействие,язык
речевой,произведение
функциональный,анализ
концептуальный,метафора
словообразовательный,значение
компьютерный,лингвистика
знак,препинание
словарный,дефиниция
семантический,классификация
выражение,категория
стилистика,современный
винительный,падеж
репрезентация,концепт
язык,лексика
языковой,механизм
рекламный,дискурс
аспект,речевой
сопоставительный,языкознание
лексический,заимствование
психолингвистический,аспект
указательный,местоимение
семантический,модель
стиль,речь
синтаксический,особенность
лексикология,современный
языковой,репрезентация
специальный,лексика
язык,семантический
переносной,значение
эстетика,словесный
семантический,организация
когнитивный,прагматический
семантический,вариант
семантика,оценка
язык,научный
языковой,структура
языковой,форма
теория,словесность
язык,газета
английский,глагол
язык,культурный
аспект,семантический
теория,грамматика
русский,писатель
персидский,язык
синтаксический,отношение
терминологический,лексика
структурный,схема
язык,советский
вторичный,номинация
глагол,речь
связь,слово
грамматический,особенность
сопоставительный,аспект
художественный,дискурс
функциональный,тип
аналитический,конструкция
морфологический,структура
безличный,предложение
лексический,уровень
стилистический,аспект
церковнославянский,язык
оценочный,значение
крылатый,слово
стилистический,анализ
украинский,язык
речевой,мышление
фразеологический,семантика
калмыцкий,язык
специфика,языковой
аналитический,форма
категориальный,значение
машинный,перевод
языковый,контакт
табасаранский,язык
особенность,употребление
сочетаемость,слово
языковой,процесс
строй,язык
первый,слог
латинский,язык
эмоциональный,концепт
русский,диалектология
функциональный,стилистика
речевой,взаимодействие
языковой,особенность
английский,фразеология
именительный,падеж
сравнительный,грамматика
семантический,свойство
момент,речь
семантический,изменение
этимологический,анализ
грамматический,система
социолингвистический,аспект
глагольный,лексика
социальный,лингвистика
семантический,прагматический
политический,лексика
языкознание,большой
концепт,дискурс
финский,язык
этнокультурный,специфика
типологический,анализ
фразеологический,оборот
язык,морфология
сложносочиненный,предложение
французский,стилистика
повелительный,наклонение
семантика,производный
лингвокультурологический,аспект
японский,язык
внутренний,речь
стилистический,средство
синтаксический,семантика
заимствованный,слово
осетинский,язык
антропоцентрический,парадигма
основной,значение
языковой,изменение
старославянский,язык
европейский,язык
языковой,круг
частотность,употребление
коммуникативный,единица
языковой,категория
адыгейский,язык
односоставный,предложение
порождение,речь
категория,род
семантический,уровень
функциональный,подход
хакасский,язык
спонтанный,речь
болгарский,язык
коннотативный,аспект
фразеологический,система
случай,употребление
коммуникативный,пространство
класс,глагол
итальянский,язык
речевой,практика
речевой,портрет
оттенок,значение
дательный,падеж
грамматический,структура
мордовский,язык
ассоциативный,связь
номинация,общий
системный,лексикография
русский,лексикография
черкесский,язык
письменный,язык
лингвистический,терминология
политический,метафора
русский,лексикология
дискурс,анализ
прагматический,функция
окказиональный,слово
речевой,стратегия
когнитивный,механизм
родственный,язык
переходный,глагол
семантический,процесс
сфера,употребление
диалектный,слово
хантыйский,язык
семантический,развитие
межкультурный,общение
прагматический,потенциал
предикативный,единица
терминологический,единица
туркменский,язык
сравнительный,конструкция
прямой,значение
творительный,падеж
синтаксический,организация
молодежный,жаргон
селькупский,язык
лексикографический,практика
семантический,описание
функциональный,синтаксис
метафорический,перенос
глагольный,лексема
синтаксический,позиция
живой,речь
модель,язык
киргизский,язык
чеченский,язык
организация,предложение
семантический,роль
речевой,высказывание
польский,язык
фонетический,система
пассивный,конструкция
тип,предикат
семантика,предложение
метафорический,значение
категория,состояние
лингвистический,дисциплина
теоретический,лингвистика
коммуникативный,компетенция
язык,дагестан
коми,язык
сослагательный,наклонение
субъект,речь
русский,орфография
оценочный,лексика
стилистический,характеристика
субъективный,модальность
контрастивный,лингвистика
географический,термин
семантический,функция
коммуникативный,деятельность
косвенный,речь
пространственный,значение
концептуальный,пространство
тип,речь
языковый,картина
синтаксический,анализ
лексический,сочетаемость
оценочный,компонент
иноязычный,лексика
грамматический,характеристика
заимствованный,лексика
вариант,слово
медицинский,терминология
языковой,концептуализация
диахронический,аспект
языковой,метафора
глагольный,словосочетание
категория,глагол
выражение,модальность
сложный,глагол
крылатый,выражение
отраслевой,лексика
синтаксический,модель
объективный,картина
категория,язык
речевой,средство
косвенный,падеж
исторический,языкознание
речевой,единица
деловой,стиль
языковой,способность
фразеологический,сочетание
коммуникативный,структура
коммуникативный,процесс
морфологический,особенность
синтаксический,строй
публицистический,дискурс
коммуникативный,грамматика
второстепенный,член
адыгских,язык
лингвистический,учение
номинативный,аспект
лексический,фонд
научный,дискурс
фразеологический,состав
синтаксический,свойство
форма,речь
текстовый,категория
публичный,речь
философия,грамматика
типологический,характеристика
лингвистический,типология
местный,падеж
функциональный,разновидность
структура,глагол
словесный,знак
языковой,реализация
устойчивый,фраза
коммуникативный,намерение
сопоставительный,лексикология
рутульский,язык
аспект,лингвистический
исторический,морфология
часть,речь
английский,речь
концептуальный,поле
речевой,сообщение
корейский,язык
белорусский,язык
чешский,язык
сопоставительный,грамматика
маньчжурский,язык
неопределенный,местоимение
экспрессивный,средство
прагматический,характеристика
восточнославянский,язык
экспрессивный,синтаксис
грамматический,описание
коммуникативный,лингвистика
сочинительный,союз
вводный,слово
диалектный,речь
каракалпакский,язык
лексический,синонимия
именной,словосочетание
концептуальный,признак
субъективный,оценка
грамматический,свойство
лингвистический,интерпретация
субъект,действие
смысловой,восприятие
метафорический,моделирование
германский,языкознание
структура,семантика
русский,фразеологизм
русский,двуязычие
авторский,речь
главный,предложение
языковой,компетенция
греческий,язык
речевой,реализация
именной,словообразование
глагольный,категория
категория,падеж
номинативный,предложение
лингвистический,парадигма
тип,семантический
когнитивный,признак
языковой,деятельность
лингвистический,средство
исходный,значение
контекстный,семантика
синтаксический,категория
неродной,язык
мягкий,согласный
явление,язык
литературный,речь
семантический,представление
лингвистический,статус
язык,второй
лингвистический,эксперимент
возвратный,глагол
языковой,категоризации
модель,предложение
институциональный,дискурс
коммуникативный,тип
экспрессивный,лексика
языковой,семья
семантический,потенциал
прагматический,подход
стилистический,окраска
народный,речь
прагматический,установка
язык,анализ
лексический,атлас
лексический,элемент
русский,идеография
вид,глагол
восприятие,речь
обыденный,сознание
деловой,дискурс
берестяной,грамота
корневой,морфема
ментальный,действие
человеческий,язык
словообразовательный,семантика
лексический,структура
обучение,язык
сопоставительный,лингвистика
система,языковой
категория,определенность
исторический,фонетика
приставочный,глагол
ингушский,язык
непереходный,глагол
время,глагол
разговорный,лексика
подчинительный,союз
именной,сказуемое
основной,единица
язык,человек
лексический,особенность
процесс,заимствование
однокоренной,слово
категория,лицо
сфера,функционирование
психолингвистический,подход
форма,язык
модальный,частица
молодежный,сленг
грамматический,разряд
лингвистический,единица
изъявительный,наклонение
звуковой,строй
субстантивный,словосочетание
синтаксический,целое
долгий,гласный
терминологический,словосочетание
метонимический,перенос
языковой,семантика
производный,значение
монологический,речь
лингвистический,категория
оценочный,семантика
теория,номинация
язык,фольклор
гласный,фонема
фразеологический,средство
будущее,время
происхождение,слово
языковой,коммуникация
союзный,слово
педагогический,дискурс
ментальный,пространство
группа,лексика
стилистический,фигура
диалогический,дискурс
семантический,содержание
категория,имя
глагол,тип
психолингвистический,анализ
андийский,язык
лингвистический,явление
речевой,форма
лингвистический,экспертиза
общенародный,язык
каузативный,глагол
категория,залог
фонетический,изменение
семантический,интерпретация
социальный,диалект
русский,заимствование
семантический,преобразование
лексикон,человек
притяжательный,местоимение
второй,язык
ненецкий,язык
лексикографический,аспект
ударный,гласный
глубинный,структура
фразеологический,фонд
технический,термин
бытовой,лексика
поле,концепт
южный,диалект
семантика,время
иранский,язык
фразеологический,выражение
повествовательный,предложение
инфинитивный,предложение
семантический,сдвиг
уйгурский,язык
аспектуальный,значение
лексический,повтор
иноязычный,заимствование
когнитивный,моделирование
речевой,характеристика
гносеологический,аспект
предикат,предложение
видовой,значение
глагол,действие
смысловой,организация
словесный,ударение
неполный,предложение
деловой,язык
абстрактный,понятие
венгерский,язык
общелитературный,язык
экономический,терминология
глагольный,слово
категория,количество
профессиональный,лексика
отглагольный,существительное
номинативный,функция
устный,форма
падежный,система
ударный,слог
русский,стилистика
синтаксический,значение
сентенциальный,актант
концептуальный,модель
семантический,типология
научный,терминология
языковой,пространство
агульский,язык
речевой,сигнал
стилистический,дифференциация
грамматика,язык
язык,тюркский
базовый,концепт
деловой,речь
лексический,группа
прагматический,фактор
языковой,факт
язык,поэзия
лингвистический,модель
религиозный,дискурс
глагол,перемещение
двусоставный,предложение
глагольный,сказуемое
антропологический,лингвистика
грамматический,аспект
диалектологический,атлас
предметный,имя
неродственный,язык
побудительный,предложение
прагматический,анализ
исторический,синтаксис
лексический,поле
категория,интенсивность
состав,слово
культурный,доминанта
коммуникативный,категория
вариант,язык
семантический,параметр
интернет,дискурс
самодийский,язык
смысловой,поле
научный,картина
общий,морфология
ментальный,лексикон
единица,речь
военный,лексика
язык,иностранный
преподавание,язык
психологический,аспект
речевой,структура
компонент,семантика
согласный,фонема
поверхностный,структура
функция,метафора
восточный,язык
развитие,значение
свободный,словосочетание
близкородственный,язык
речевой,агрессия
семантический,зона
процессуальный,фразеологизм
лингвистический,характеристика
фонетический,слово
модальность,дейксис
гласный,звук
коммуникативный,синтаксис
культурный,коннотация
словообразовательный,парадигма
предикатный,актант
грамматический,явление
семантический,подход
отрицательный,предложение
грамматический,единица
словообразовательный,категория
оценочный,функция
фонетический,вариант
древнеанглийский,язык
дифференциация,язык
художественный,стиль
морфологический,анализ
отраслевой,терминология
зарубежный,языкознание
семантический,трансформация
шорский,язык
коннотативный,значение
производный,глагол
функционирование,слово
прагматический,направленность
семантический,единица
общеупотребительный,лексика
характеристика,глагол
концепт,время
семантический,синтаксис
морфологический,средство
языковой,модель
морфологический,форма
особенность,речь
ногайский,язык
дискурсивный,слово
коммуникативный,задача
морфолого,синтаксический
синтаксический,явление
политический,речь
словарный,фонд
восклицательный,предложение
язык,сибирь
сочетаемость,глагол
единица,лексический
разговорный,стиль
языковой,развитие
структурный,компонент
видовой,пара
ментальный,образование
типологический,аспект
семантика,нарратива
группа,язык
типологический,описание
языковой,коллектив
позиция,подлежащее
живой,язык
уральский,язык
прагматический,контекст
синтаксис,предложение
процесс,порождение
продуктивный,способ
семантический,переход
лингвистический,атлас
образование,слово
разряд,слово
народный,язык
прагматический,компонент
динамический,модель
эвенкийский,язык
поэтический,слово
юридический,терминология
поэтический,дискурс
толкование,слово
жестовый,язык
языковой,сообщество
медицинский,дискурс
фразеологический,поле
предударный,слог
концептуальный,содержание
синтаксический,характеристика
игра,слово
средство,номинация
состав,предложение
грамматический,уровень
пермский,язык
литературный,произношение
русский,письменность
грамматический,признак
коммуникативный,интенция
языковой,воплощение
символический,значение
семантический,эволюция
армянский,язык
синтаксический,система
словесный,комплекс
предложный,падеж
тюркский,языкознание
речевой,тактика
семантический,варьирование
словарный,запас
фокус,внимание
функциональный,свойство
морфологический,уровень
городской,просторечие
тип,словесный
русский,диалект
контрастивный,анализ
фразеологический,синоним
язык,реципиент
лингвокультурный,концепт
семантический,примитив
имя,числительное
семантика,местоимение
языковой,общность
местоименный,слово
синтаксический,параллелизм
динамический,процесс
бинарный,оппозиция
семантический,разряд
терминологический,номинация
связочный,глагол
стилистически,нейтральный
лингвистический,география
поле,глагол
лингвистический,источниковедение
экспрессивный,функция
юридический,термин
категория,отрицание
переключение,код
глагольный,семантика
страдательный,залог
лингвистический,идея
процесс,речевой
литовский,язык
нанайский,язык
смысловой,компонент
медицинский,термин
грамматический,род
художественный,текст
значение,слово
лингвистика,текст
культура,речь
новый,слово
структура,текст
поэтический,текст
русский,слово
языковой,материал
современный,языкознание
теория,текст
прецедентный,текст
смысл,текст
речевой,культура
семантический,универсалия
лексический,материал
способ,номинация
пространство,время
корпус,текст
речь,носитель
коммуникативный,неудача
наивный,картина
кавказский,языкознание
типология,текст
языковой,универсалия
жанр,текст
вертикальный,контекст
деловой,текст
фразеологический,картина
татарский,языкознание
общеупотребительный,слово
эргативный,конструкция
глагольный,предложение
синтаксический,синонимия
речевой,ошибка
звукоподражательный,слово
согласный,звук