lemm1,lemm2,lemm3,lemm4,lemm5,freq
Автореф,дис,канд,филол,наука,53405
автореф,дис,канд,филол,наука,28876
язык,Автореф,дис,канд,филол,20336
Автореф,дисс,канд,филол,наука,14080
литература,диссертационный,ИССЛЕДОВАНИЯкандидат,филологический,наука,12832
список,литература,диссертационный,ИССЛЕДОВАНИЯкандидат,филологический,11026
язык,Дис,канд,филол,наука,8306
текст,автореф,дис,канд,филол,7466
язык,автореф,дис,канд,филол,6474
текст,дис,канд,филол,наука,6084
английский,язык,Автореф,дис,канд,6079
язык,Автореф,дисс,канд,филол,5107
русский,язык,Автореф,дис,канд,5035
дата,обращение,электронный,ресурс,дата,4976
обращение,электронный,ресурс,дата,обращение,4946
электронный,ресурс,дата,обращение,электронный,4930
ресурс,дата,обращение,электронный,ресурс,4907
толковый,словарь,живой,великорусский,язык,4899
электронный,ресурс,режим,доступ,дата,4561
словарь,современный,русский,литературный,язык,4534
ресурс,режим,доступ,дата,обращение,4515
язык,дис,канд,филол,наука,4483
текст,текст,текст,текст,текст,4435
заключение,ДИССЕРТАЦИИпо,тема,русский,язык,4187
Автореф,дис,докт,филол,наука,4099
современный,английский,язык,Автореф,дис,4015
обращение,дата,обращение,дата,обращение,3544
дата,обращение,дата,обращение,дата,3541
электронный,ресурс,режим,доступ,электронный,3456
режим,доступ,электронный,ресурс,режим,3423
доступ,электронный,ресурс,режим,доступ,3419
ресурс,режим,доступ,электронный,ресурс,3401
современный,русский,язык,Автореф,дис,3302
глава,введение,диссертация,часть,автореферат,3281
Изв,ан,ссср,сера,лит,3150
английский,язык,Дис,канд,филол,3002
лексический,семантика,синонимический,средство,язык,2878
текст,Автореф,дис,канд,филол,2878
автореф,дисс,канд,филол,наука,2825
язык,Дисс,канд,филол,наука,2700
логический,анализ,язык,культурный,концепт,2699
тип,языковой,значение,оценка,событие,2633
языковой,значение,оценка,событие,факт,2626
дис,канд,филол,наука,текст,2572
языковой,круг,личность,концепт,дискурс,2489
вывод,введение,диссертация,часть,автореферат,2487
немецкий,язык,Автореф,дис,канд,2392
заключение,ДИССЕРТАЦИИпо,тема,германский,язык,2315
автореферат,дис,канд,филол,наука,2314
лингвистический,энциклопедический,словарь,Гл,ред,2267
глава,заключение,список,использовать,литература,2209
русский,язык,Дис,канд,филол,2195
дис,канд,филол,наука,киев,2171
дис,канд,филол,наука,волгоград,2146
режим,доступ,дата,обращение,электронный,2117
фрагмент,русский,языковой,картина,мир,2095
язык,текст,автореф,дис,канд,2088
доступ,дата,обращение,электронный,ресурс,2072
дата,обращение,электронный,ресурс,режим,2065
обращение,электронный,ресурс,режим,доступ,2059
большой,толковый,словарь,русский,язык,2020
английский,язык,автореф,дис,канд,1976
заключение,ДИССЕРТАЦИИпо,тема,теория,язык,1906
логический,анализ,язык,язык,пространство,1900
современный,немецкий,язык,Автореф,дис,1880
русский,язык,автореф,дис,канд,1863
известие,ан,ссср,серия,литература,1837
грамматика,современный,русский,литературный,язык,1824
дис,канд,филол,наука,спб,1810
современный,английский,язык,Дис,канд,1809
коннотативный,аспект,семантика,номинативный,единица,1748
дис,канд,филол,наука,махачкала,1683
автореф,дис,докт,филол,наука,1672
текст,Дис,канд,филол,наука,1574
ДИССЕРТАЦИИпо,тема,сравнительно,исторический,типологический,1569
лингвистика,Вып,теория,речевой,акт,1566
язык,текст,дис,канд,филол,1557
зарубежный,лингвистика,Вып,теория,речевой,1535
автореферат,дисс,канд,филол,наука,1518
стилистика,теория,поэтический,речь,поэтика,1491
английский,язык,Автореф,дисс,канд,1479
стилистический,энциклопедический,словарь,русский,язык,1472
электронный,ресурс,режим,доступ,свободный,1468
дис,канд,филол,наука,воронеж,1465
английский,язык,дис,канд,филол,1463
заключение,ДИССЕРТАЦИИпо,тема,сравнительно,исторический,1461
Автореф,дисс,докт,филол,наука,1445
учить,степ,канд,филол,наука,1436
словарь,русский,культура,опыт,исследование,1434
константа,словарь,русский,культура,опыт,1433
лингвистический,проблема,научно,технический,терминология,1424
объяснительный,словарь,синоним,русский,язык,1422
новый,объяснительный,словарь,синоним,русский,1421
лексический,атлас,русский,народный,говор,1415
соиск,учить,степ,канд,филол,1413
литература,диссертационный,ИССЛЕДОВАНИЯдоктор,филологический,наука,1409
соискание,ученый,степень,кандидат,филологический,1402
дис,канд,филол,наука,саратов,1395
Автореф,дис,канд,филолог,наука,1385
ученый,степень,кандидат,филологический,наука,1376
русский,язык,Автореф,дисс,канд,1371
канд,филол,наука,алма,ата,1363
материал,международный,научно,практический,конференция,1359
тип,языковой,значение,семантика,производный,1339
языковой,значение,семантика,производный,слово,1333
большой,энциклопедический,словарь,Гл,ред,1328
зарубежный,лингвистика,Вып,лингвистический,прагматика,1313
апробация,работа,основной,положение,диссертация,1280
национальный,культурный,специфика,речевой,поведение,1277
картина,мир,роль,человеческий,фактор,1277
электронный,ресурс,электронный,ресурс,электронный,1265
ресурс,электронный,ресурс,электронный,ресурс,1259
данные,язык,попытка,системный,описание,1249
русский,язык,дис,канд,филол,1248
сравнительно,исторический,грамматика,тюркский,язык,1236
языковой,картина,мир,роль,человеческий,1235
список,литература,диссертационный,ИССЛЕДОВАНИЯдоктор,филологический,1232
языкознание,большой,энциклопедический,словарь,Гл,1217
логический,анализ,язык,ментальный,действие,1215
цель,предполагать,решение,следующий,задача,1209
современный,русский,язык,Дис,канд,1204
картина,мир,модель,пространство,время,1193
языковой,картина,мир,модель,пространство,1184
основной,тип,лексический,значение,слово,1179
методологический,проблема,когнитивный,лингвистика,воронеж,1177
русский,языковой,картина,мир,модель,1176
очерк,функциональный,синтаксис,русский,язык,1170
речь,Автореф,дис,канд,филол,1166
доклад,высокий,школа,филологический,наука,1165
литературный,язык,Автореф,дис,канд,1159
аспект,Автореф,дис,канд,филол,1152
язык,Автореф,дис,докт,филол,1144
СПИСОК,литература,диссертационный,ИССЛЕДОВАНИЯкандидат,филологический,1120
этимологический,словарь,современный,русский,язык,1117
научный,доклад,высокий,школа,филологический,1108
дис,канд,филол,наука,ростов,1102
Лингвокультурология,языковой,личность,концепт,становление,1097
дис,канд,филол,наука,казань,1088
лингвистика,Вып,когнитивный,аспект,язык,1081
современный,русский,язык,Автореф,дисс,1072
языковой,личность,концепт,становление,антропоцентрический,1070
зарубежный,лингвистика,Вып,когнитивный,аспект,1069
язык,система,язык,текст,язык,1067
логический,анализ,язык,образ,человек,1067
личность,концепт,становление,антропоцентрический,парадигма,1061
система,язык,текст,язык,способность,1060
историко,этимологический,словарь,современный,русский,1058
Автореф,дис,канд,фил,наука,1057
современный,английский,язык,Автореф,дисс,1038
немецкий,язык,Дис,канд,филол,1037
тип,языковой,значение,связанный,значение,1034
общий,языкознание,внутренний,структура,язык,1028
языковой,значение,связанный,значение,слово,1018
современный,русский,литературный,язык,Автореф,1012
дис,канд,филол,наука,минск,1011
актуальный,проблема,русский,словообразование,ташкент,999
поставлять,цель,предполагать,решение,следующий,994
дис,канд,филол,наука,томск,991
известие,ан,ссср,сера,лит,984
институт,русский,язык,ан,ссср,983
теория,функциональный,грамматика,Темпоральность,модальность,982
фразеологический,словарь,русский,литературный,язык,981
современный,русский,язык,автореф,дис,976
дис,канд,филол,наука,екатеринбург,971
заключение,ДИССЕРТАЦИИпо,тема,язык,народ,968
языковой,личность,культурный,концепт,волгоград,967
когнитивный,точка,зрение,роль,язык,961
французский,язык,Автореф,дис,канд,960
вестник,московский,университет,сера,филология,948
анализ,язык,язык,речевой,действие,931
логический,анализ,язык,язык,речевой,930
современный,английский,язык,автореф,дис,921
логический,анализ,язык,модель,действие,918
Автореф,Дис,канд,филол,наука,918
международный,конгресс,исследователь,русский,язык,915
логический,анализ,язык,язык,этика,909
язык,память,образ,лингвистика,языковой,907
век,Автореф,дис,канд,филол,903
язык,список,литература,диссертационный,ИССЛЕДОВАНИЯкандидат,901
память,образ,лингвистика,языковой,существование,896
квадратура,смысл,французский,школа,анализ,886
английский,язык,текст,автореф,дис,884
проблема,смысл,современный,логико,философский,882
смысл,современный,логико,философский,анализ,882
смысл,французский,школа,анализ,дискурс,880
современный,логико,философский,анализ,язык,877
ДИССЕРТАЦИИпо,тема,язык,народ,российский,871
тема,язык,народ,российский,федерация,871
очерк,история,язык,русский,поэзия,867
современный,русский,язык,русский,язык,860
дис,канд,филол,наука,краснодар,860
аспект,автореф,дис,канд,филол,856
курс,фразеология,современный,английский,язык,851
лексический,значение,принцип,семиологического,описание,849
лингвистический,энциклопедический,словарь,гл,ред,849
проблема,анализ,структура,значение,слово,848
начальный,этап,становление,когнитивизма,лингвистика,843
дис,канд,филол,наука,алма,843
толковый,словарь,русский,язык,конец,840
практика,лингвистический,описание,разговорный,речь,840
толковый,словарь,современный,русский,язык,837
этап,становление,когнитивизма,лингвистика,психология,835
когнитивизма,лингвистика,психология,когнитивный,наука,835
становление,когнитивизма,лингвистика,психология,когнитивный,832
значение,принцип,семиологического,описание,лексика,832
аспект,дис,канд,филол,наука,828
проблема,синтаксис,современный,индоевропейский,язык,823
английский,язык,Дисс,канд,филол,814
зарубежный,лингвистика,Вып,лингвистика,текст,812
теоретический,проблема,синтаксис,современный,индоевропейский,811
атлас,русский,народный,говор,материал,805
форма,существование,функция,история,язык,799
дис,канд,филол,наука,уфа,799
вопрос,синтаксис,современный,русский,язык,798
языкознание,форма,существование,функция,история,798
общий,языкознание,форма,существование,функция,796
внутри,мыслящий,мир,человек,текст,795
русский,литературный,язык,Автореф,дис,793
ученый,степень,доктор,филологический,наука,770
современный,английский,язык,стилистика,декодирование,770
стилистика,современный,английский,язык,стилистика,767
дис,канд,филол,наука,одесса,764
русский,язык,Дисс,канд,филол,762
русский,язык,энциклопедия,Гл,ред,759
доступ,режим,доступ,режим,доступ,757
режим,доступ,режим,доступ,режим,755
язык,автореферат,дис,канд,филол,753
теоретический,грамматика,современный,английский,язык,753
текст,автореф,дисс,канд,филол,753
личность,культурный,концепт,волгоград,архангельск,750
современный,немецкий,язык,Дис,канд,744
текст,дисс,канд,филол,наука,744
вестник,московский,университет,серия,филология,743
славянский,языкознание,международный,съезд,славист,741
развитие,лексика,современный,русский,язык,741
приложение,заключение,ДИССЕРТАЦИИпо,тема,русский,733
современный,русский,язык,учебный,пособие,731
реф,дис,канд,филол,наука,731
жанр,речь,сборник,научный,статья,730
толковый,словарь,русский,язык,текст,728
авто,реф,дис,канд,филол,727
аспект,Дис,канд,филол,наука,725
современный,русский,литературный,язык,текст,724
семантика,языковой,единица,доклад,международный,717
дис,канд,филол,наука,баку,715
история,язык,русский,поэзия,век,713
трехмерный,пространство,язык,семиотический,проблема,712
новый,большой,англо,русский,словарь,710
дис,канд,филол,наука,тверь,710
дис,канд,филол,наука,москва,703
символ,лингвокультурные,концепт,прецедентный,текст,703
пространство,язык,семиотический,проблема,лингвистика,701
типологический,анализ,язык,различный,строй,700
принцип,типологический,анализ,язык,различный,698
языковой,единица,доклад,международный,конференция,698
Дис,канд,филол,наука,спб,698
единица,разный,уровень,грамматический,строй,695
язык,семиотический,проблема,лингвистика,философия,695
английский,язык,текст,дис,канд,695
текст,Автореф,дисс,канд,филол,694
история,русский,литературный,язык,вв,690
язык,Автореф,канд,филол,наука,689
толковый,словарь,русский,язык,слово,688
когнитивный,анализ,предметный,имя,семантика,688
материал,английский,язык,Автореф,дис,685
методологический,проблема,когнитивный,лингвистика,научный,685
круг,личность,концепт,дискурс,волгоград,684
Автореф,дисс,канд,филолог,наука,683
проблема,когнитивный,лингвистика,научный,издание,683
языковой,личность,культурный,концепт,Сб,677
современный,русский,язык,учеба,пособие,676
дис,канд,филол,наука,барнаул,675
краткий,этимологический,словарь,русский,язык,671
русский,язык,текст,автореф,дис,670
семиотический,проблема,лингвистика,философия,искусство,666
язык,дисс,канд,филол,наука,662
вв,Автореф,дис,канд,филол,654
словарный,состав,русский,литературный,язык,650
немецкий,язык,автореф,дис,канд,648
логический,анализ,язык,проблема,интенсиональный,647
проблема,функциональный,тип,лексический,значение,645
современный,толковый,словарь,русский,язык,642
этимологический,словарь,тюркский,язык,общетюркский,641
академический,проект,екатеринбург,деловой,книга,641
соискание,ученый,степень,доктор,филологический,639
современный,французский,язык,Автореф,дис,637
теория,функциональный,грамматика,введение,Аспектуальность,632
дискурс,дис,канд,филол,наука,632
Автореф,дис,доктор,филол,наука,631
закономерность,стилистический,использование,языковый,единица,629
аспект,изучение,современный,русский,язык,628
дис,канд,филол,наука,тбилиси,628
разный,уровень,грамматический,строй,язык,627
словарь,ассоциативный,норма,русский,язык,623
русский,терминология,опыт,лингвистический,описание,622
дис,канд,филол,наука,ташкент,622
немецкий,язык,Автореф,дисс,канд,622
Дис,канд,филол,наука,ростов,621
ооо,издательство,Астрель,ооо,издательство,619
действительность,референциальный,аспект,семантика,местоимение,618
третий,глава,введение,диссертация,часть,618
разновидность,интерпретировать,подход,вопрос,языкознание,617
номинация,языковой,номинация,общий,вопрос,614
социолингвистический,аспект,изучение,современный,русский,613
жизнедеятельность,человек,роль,человеческий,фактор,613
формирование,языковой,картина,мир,роль,609
речь,сборник,научный,статья,саратов,607
дис,канд,филол,наука,пятигорск,606
научно,практический,конференция,актуальный,проблема,605
язык,языковой,личность,культурный,концепт,603
дискурс,автореф,дис,канд,филол,600
функциональный,грамматика,введение,Аспектуальность,временный,597
Дис,канд,филол,наука,киев,596
достижение,поставлять,цель,предполагать,решение,594
фундаментальный,направление,современный,американский,лингвистика,594
екатеринбург,урал,гос,пед,уна,592
личность,культурный,концепт,Сб,науч,588
речь,Дис,канд,филол,наука,584
язык,попытка,системный,описание,вопрос,584
попытка,системный,описание,вопрос,языкознание,583
зеркало,когнитивный,исследование,политический,метафора,583
язык,автореф,дисс,канд,филол,582
метафорический,зеркало,когнитивный,исследование,политический,580
Сб,науч,тр,волгоград,перемена,579
анализ,структура,значение,слово,воронеж,578
лексико,фразеологический,семантика,язык,воронеж,576
ключевой,идея,русский,языковой,картина,576
список,литература,диссертационный,ИССЛЕДОВАНИЯкандидат,наука,576
идея,русский,языковой,картина,мир,575
язык,Межвуз,сб,науч,тр,572
русский,разговорный,речь,общий,вопрос,571
восприятие,когнитивный,аспект,языковой,категоризации,571
язык,Автореф,дис,канд,филолог,570
мыслящий,мир,человек,текст,семиосфера,569
языковой,ментальность,способ,представление,мир,568
проблема,отраслевой,лексика,дагестанский,язык,565
мир,человек,текст,семиосфера,история,564
разговорный,речь,общий,вопрос,словообразование,563
словарь,сочетаемость,слово,русский,язык,563
дис,канд,фи,лола,наука,563
культура,русский,речь,энциклопедический,словарь,563
русский,речь,энциклопедический,словарь,справочник,563
современный,английский,язык,дис,канд,563
Сб,науч,тр,Отв,ред,562
речь,общий,вопрос,словообразование,синтаксис,561
половина,век,опыт,парадигмального,анализ,556
круг,личность,концепт,дискурс,текст,555
Дис,канд,филол,наука,волгоград,553
новый,словарь,русский,язык,толково,552
развитие,словарный,состав,русский,литературный,551
текст,автореф,дис,докт,филол,550
русский,разговорный,речь,фонетика,морфология,547
основа,построение,научно,технический,терминология,545
создание,языковой,картина,мир,роль,545
второй,половина,век,опыт,парадигмального,543
культурный,концепт,Сб,науч,тр,541
личность,концепт,дискурс,волгоград,перемена,541
словарь,русский,язык,конец,век,540
введение,Аспектуальность,временный,локализованность,таксис,540
Автореф,дисс,канд,фил,наука,540
художественный,текст,основа,лингвистический,теория,538
семантический,структура,слово,психолингвистический,исследование,536
словарь,русский,язык,толково,словообразовательный,535
сайт,электронный,ресурс,дата,обращение,535
заключение,список,использовать,литература,список,532
термин,лингвистический,проблема,научно,технический,532
грамматика,введение,Аспектуальность,временный,локализованность,528
дисс,канд,филол,наука,киев,528
разговорный,речь,фонетика,морфология,лексика,526
бас,словарь,современный,русский,литературный,526
семиотический,проблема,язык,наука,терминология,524
проблема,изучение,функциональный,сторона,язык,520
речь,фонетика,морфология,лексика,жест,516
современный,немецкий,язык,Автореф,дисс,515
текст,Дисс,канд,филол,наука,515
современный,английский,язык,текст,автореф,512
дисс,канд,филол,наука,спб,511
дис,канд,филол,наука,иркутск,509
дисс,канд,филол,наука,махачкала,507
опыт,теория,лингвистический,модель,смысл,503
введение,четыре,глава,заключение,список,500
сб,науч,тр,саратов,Изд,499
Дис,канд,филол,наука,воронеж,498
материал,всероссийский,научно,практический,конференция,498
словарь,фразеологический,синоним,русский,язык,496
язык,конец,век,языковой,изменение,495
экспериментальный,исследование,семантика,русский,глагол,494
русский,язык,конец,век,языковой,494
сб,науч,тр,отв,ред,494
речевой,жанр,жанр,речь,саратов,493
лингвистика,текст,материал,научный,конференция,489
автореф,дис,канд,фил,наука,488
предложение,Автореф,дис,канд,филол,486
теория,лингвистический,модель,смысл,текст,484
современный,английский,язык,Дисс,канд,483
лексико,семантический,система,язык,воронеж,479
экспрессивный,лексика,разговорный,употребление,проблема,478
теория,язык,репрезентативный,функция,язык,477
отраслевой,лексика,дагестанский,язык,название,477
немецкий,язык,дис,канд,филол,476
международный,научный,конференция,посвящать,летие,474
синтаксический,словарь,репертуар,элементарный,единица,473
лексика,разговорный,употребление,проблема,семантика,472
культура,материал,международный,научный,конференция,472
новосибирск,наука,Сиб,отд,ние,470
стиль,современный,русский,литературный,язык,469
словарь,репертуар,элементарный,единица,русский,469
современность,международный,конгресс,исследователь,русский,466
аспектологического,семинар,филологический,факультет,мгу,465
этимологический,словарь,славянский,язык,праславянский,464
текст,межвузовский,сборник,научный,труд,464
приложение,заключение,ДИССЕРТАЦИИпо,тема,германский,463
известие,ан,ссср,серия,лит,462
материал,современный,английский,язык,Автореф,462
реальный,виртуальность,человек,сознание,коммуникация,458
репертуар,элементарный,единица,русский,синтаксис,458
Автореф,дис,док,филол,наука,457
научно,практический,конференция,молодой,ученый,457
вестник,московский,государственный,областной,университет,456
Концептосфера,русский,язык,русский,словесность,452
словарь,славянский,язык,праславянский,лексический,451
национальный,социокультурный,стереотип,речевой,общение,450
славянский,язык,праславянский,лексический,фонд,449
ученый,степень,канд,филол,наука,447
зарубежный,лингвистика,Вып,лингвистический,семантика,446
дисс,канд,филол,наука,текст,446
Межвуз,сб,науч,тр,саратов,445
лингвистика,психология,когнитивный,наука,вопрос,444
психология,когнитивный,наука,вопрос,языкознание,444
концепт,методологический,проблема,когнитивный,лингвистика,444
слово,Автореф,дис,канд,филол,442
краткий,словарь,когнитивный,термин,текст,442
ресурс,режим,доступ,свободный,Загл,442
современный,русский,язык,порядок,слово,441
русский,семантический,словарь,толковый,словарь,440
ава,тореф,дис,канд,филол,440
тореф,дис,канд,филол,наука,440
Изв,ан,ссср,серия,литература,439
лексический,значение,аспект,семантический,исследование,439
тип,лексический,значение,аспект,семантический,438
текст,Межвуз,сб,науч,тр,435
язык,автореферат,дисс,канд,филол,434
терминология,Автореф,дис,канд,филол,434
русский,литературный,язык,первый,половина,433
русский,разговорный,речь,лингвистический,анализ,433
жанр,речь,сб,науч,ст,432
русский,язык,синтаксис,простой,предложение,431
процесс,современный,русский,художественный,литература,431
русский,язык,функционирование,грамматический,категория,431
языковой,процесс,современный,русский,художественный,430
словарный,состав,современный,английский,язык,430
языковой,личность,проблема,коммуникативный,деятельность,430
семантический,словарь,толковый,словарь,систематизировать,429
фразеологический,единица,современный,русский,язык,429
современный,русский,язык,Дисс,канд,429
немецкий,язык,Дисс,канд,филол,429
дис,канд,филол,наука,калинин,429
язык,межвузовский,сборник,научный,труд,428
функциональный,тип,лексический,значение,аспект,428
сб,науч,тр,Отв,ред,428
грамматика,современный,турецкий,литературный,язык,427
известие,российский,государственный,педагогический,университет,426
лингвистика,бюллетень,уральский,лингвистический,общество,425
исследование,Автореф,дис,канд,филол,425
зарубежный,лингвистика,когнитивный,аспект,язык,425
художественный,текст,Автореф,дис,канд,424
автореф,дис,канд,филолог,наука,424
сокровенный,смысл,слово,текст,культура,424
канд,филол,наука,нижний,новгород,423
язык,функционирование,грамматический,категория,текст,422
современный,русский,язык,дис,канд,422
уч,степ,канд,филол,наука,421
развитие,словообразование,современный,русский,язык,420
Дис,канд,филол,наука,саратов,420
русский,языковый,модель,мир,материал,420
имя,предикат,предложение,Семиологическая,грамматика,419
русский,язык,семантический,тип,предикат,418
язык,Автореф,дис,канд,фил,418
стратегия,понимание,связный,текст,новое,418
теория,перевод,статус,проблема,аспект,418
язык,язык,пространство,Отв,ред,418
анализ,Автореф,дис,канд,филол,417
наука,конец,век,Сб,статья,416
дисс,канд,филол,наука,воронеж,416
логический,анализ,язык,язык,динамический,416
анализ,язык,язык,динамический,мир,416
анализ,язык,язык,пространство,Отв,416
лингвистика,текст,материал,науч,конф,414
век,автореф,дис,канд,филол,414
использовать,литература,заключение,ДИССЕРТАЦИИпо,тема,413
лингвистический,описание,разговорный,речь,горький,410
Изв,ан,ссср,серия,лит,410
цель,необходимо,решать,следующий,задача,409
грамматика,современный,узбекский,литературный,язык,408
проблема,исследование,языковой,картина,мир,407
современный,русский,язык,теория,анализ,406
русский,язык,теория,анализ,языковой,404
язык,сознание,коммуникация,Сб,статья,404
поэтический,энергия,слово,синергетика,язык,404
энергия,слово,синергетика,язык,сознание,403
Дис,канд,филол,наука,краснодар,402
язык,Дис,докт,филол,наука,401
Лексико,семантический,группа,русский,глагол,401
язык,теория,анализ,языковой,единица,401
язык,электронный,ресурс,режим,доступ,401
типология,вид,проблема,поиск,решение,400
лексика,современный,русский,литературный,язык,399
труд,аспектологического,семинар,филологический,факультет,398
век,Дис,канд,филол,наука,396
Сб,науч,тр,Моск,гос,395
апробация,результат,исследование,основной,положение,394
функциональный,стиль,современный,русский,язык,393
вид,языковой,номинация,вид,наименование,393
докл,высш,шк,Филол,наука,392
издательский,фирма,восточный,литература,ран,392
проблема,семантический,синтагматика,проблема,структурный,392
язык,Автореф,дисс,докт,филол,391
семантика,языковой,единица,разный,уровень,390
список,использовать,литература,заключение,ДИССЕРТАЦИИпо,387
семантический,синтагматика,проблема,структурный,лингвистика,387
дисс,канд,филол,наука,волгоград,387
Дис,канд,филол,наука,текст,387
российский,академия,наука,институт,русский,386
академия,наука,институт,русский,язык,386
уч,ст,канд,филол,наука,385
апробация,работа,основной,положение,диссертационный,384
язык,русский,язык,исторический,судьба,384
проблема,когнитивный,лингвистика,воронеж,Изд,384
лингвистический,основа,балканский,модель,мир,383
соиск,уч,степ,канд,филол,382
личностный,аспект,языковой,общение,калинин,382
русский,язык,текст,дис,канд,382
леонтьев,язык,речь,речевой,деятельность,381
дискурс,речь,речевой,деятельность,функциональный,381
дата,обращение,режим,доступ,дата,380
функциональный,синтаксис,современный,английский,язык,379
словарь,русский,язык,Гл,ред,379
интеллектуальный,технология,труд,международный,конференция,378
технология,труд,международный,конференция,диалог,378
проблема,функциональный,синтаксис,современный,английский,377
обращение,режим,доступ,дата,обращение,377
словарь,образный,выражение,русский,язык,376
автореферат,диссертация,кандидат,филологический,наука,376
язык,Автореф,Дис,канд,филол,374
СРНГ,словарь,русский,народный,говор,373
режим,доступ,дата,обращение,режим,373
доступ,дата,обращение,режим,доступ,373
сравнительный,изучение,иберийский,кавказский,язык,372
материал,американский,вариант,английский,язык,371
вестник,челябинский,государственный,университет,филология,371
пространство,логический,анализ,язык,язык,370
зарубежный,лингвистика,теория,речевой,акт,370
язык,проблема,отраслевой,лексика,дагестанский,370
тр,Моск,гос,пед,ин,369
комплексный,анализ,единица,лексический,уровень,369
компонентный,анализ,значимый,единица,язык,369
синтаксис,современный,русский,литературный,язык,368
современный,социолингвистика,теория,проблема,метод,368
логический,анализ,язык,семантика,начало,368
текст,электронный,ресурс,режим,доступ,367
Дис,канд,филол,наука,томск,366
научно,практический,конференция,посвящать,летие,366
дискурс,Автореф,дис,канд,филол,366
режим,доступ,свободный,дата,обращение,366
дисс,канд,филол,наука,саратов,365
антология,речевой,жанр,повседневный,коммуникация,364
современный,немецкий,язык,автореф,дис,363
челябинский,государственный,университет,филология,искусствоведение,363
русский,язык,русский,язык,исторический,362
норма,современный,русский,литературный,язык,361
Уфимцева,лексический,значение,принцип,семиологического,361
картина,мир,сквозь,призма,словообразование,361
синонимика,современный,русский,литературный,язык,361
русский,язык,составлять,второй,отделение,359
Лингво,философский,анализ,абстрактный,имя,359
Дис,канд,филол,наука,екатеринбург,358
жанр,речь,саратов,колледж,Вып,358
теория,семантический,поле,вопрос,языкознание,357
проза,Автореф,дис,канд,филол,357
век,опыт,парадигмального,анализ,язык,357
современный,американский,лингвистика,фундаментальный,направление,357
современный,английский,язык,текст,дис,357
труд,институт,лингвистический,исследование,ран,357
толковый,словарь,русский,язык,Сост,356
ассоциативный,тезаурус,современный,русский,язык,354
русский,языковый,картина,мир,сквозь,354
теория,функциональный,грамматика,Локативность,бытийность,354
французский,язык,Дис,канд,филол,354
карасик,языковой,личность,культурный,концепт,354
русский,языковой,картина,мир,текст,354
Науч,докл,высш,шк,Филол,353
дис,канд,филол,наука,челябинск,352
текст,дис,докт,филол,наука,352
лексический,значение,слово,вопрос,языкознание,351
очерк,современный,русский,литературный,язык,349
словарь,русский,язык,вв,Вып,349
коммуникативный,перспектива,высказывание,определенность,неопределенность,349
сборник,научный,статья,саратов,Изд,349
языковый,картина,мир,сквозь,призма,348
дис,канд,филол,наука,самара,348
историко,сравнительный,изучение,иберийский,кавказский,348
миф,ритуал,символ,образ,исследование,346
тип,лексический,значение,слово,вопрос,345
описание,лексико,семантический,система,язык,345
работа,основной,положение,диссертационный,исследование,344
речь,Автореф,дисс,канд,филол,342
международный,научно,практический,конференция,актуальный,342
Дис,канд,филол,наука,казань,342
словарь,русский,фразеология,историко,этимологический,341
известие,ан,ссср,сера,литература,341
речь,автореф,дис,канд,филол,341
русистика,лингвистический,парадигма,конец,век,340
фактор,адресат,Изв,ан,ссср,339
современный,русский,язык,синтаксис,простой,338
дис,канд,филол,наука,новосибирск,338
дис,канд,филол,наука,тамбов,338
концепт,Сб,науч,тр,волгоград,338
большой,академический,словарь,русский,язык,337
языковой,картина,мир,обиходный,представление,335
приложение,заключение,ДИССЕРТАЦИИпо,тема,теория,335
приложение,заключение,ДИССЕРТАЦИИпо,тема,сравнительно,335
исследование,языковой,картина,мир,аналогия,335
общий,языкознание,метод,лингвистический,исследование,334
словообразование,актуальный,проблема,русский,словообразование,334
типология,лингвистический,номинация,языковой,номинация,334
ан,ссср,сера,лит,ры,334
теоретический,грамматика,французский,язык,синтаксис,334
дисс,канд,филол,наука,уфа,333
большой,энциклопедический,словарь,гл,ред,333
спб,научный,центр,проблема,диалог,332
Дисс,канд,филол,наука,спб,332
Автореф,дисс,доктор,филол,наука,332
сб,науч,тр,волгоград,перемена,332
русский,фразеология,историко,этимологический,справочник,331
Автореф,дис,канд,фи,лола,331
Межвуз,сб,науч,тр,пермь,330
кунин,курс,фразеология,современный,английский,330
теория,функциональный,грамматика,Персональность,Залоговость,330
научный,новизна,диссертационный,исследование,заключаться,330
Суперанская,общий,теория,имя,собственный,329
языковой,картина,мир,вопрос,языкознание,329
Дис,канд,филол,наука,минск,329
современный,русский,язык,вопрос,языкознание,328
защита,выноситься,следующий,основный,положение,328
толковый,словарь,русский,глагол,идеографический,328
функционально,прагматический,концепция,текст,ростов,328
второй,отделение,императорский,академия,наука,327
словарь,русский,глагол,идеографический,описание,327
синтаксический,стилистика,сложный,синтаксический,целое,327
единица,словообразовательный,система,русский,язык,327
материал,английский,язык,Дис,канд,327
структура,работа,диссертационный,исследование,состоять,326
известие,академия,наука,ссср,серия,325
вопрос,описание,лексико,семантический,система,325
морфологический,категория,современный,русский,язык,325
исследование,методологический,проблема,когнитивный,лингвистика,325
материал,английский,язык,автореф,дис,324
наука,главный,редакция,восточный,литература,323
второй,глава,введение,диссертация,часть,323
глагол,Автореф,дис,канд,филол,323
толковый,словарь,русский,язык,Гл,323
литературный,язык,автореф,дис,канд,322
когнитивный,аспект,языковой,категоризации,иркутск,321
очерк,синтаксис,современный,итальянский,язык,320
материал,ежегодный,международный,конференция,диалог,320
система,функциональный,стиль,современный,русский,319
заключение,ДИССЕРТАЦИИпо,тема,романский,язык,319
картина,мир,обиходный,представление,модель,318
русский,язык,Автореф,дис,докт,318
тезис,доклад,международный,научный,конференция,318
лингвистический,номинация,языковой,номинация,общий,318
текст,межвуз,сб,науч,тр,318
простой,предложение,современный,английский,язык,317
коммуникативный,прагматический,аспект,единица,общение,317
значение,оценка,событие,факт,текст,317
труд,институт,языкознание,ан,ссср,316
мир,обиходный,представление,модель,восприятие,316
аспект,Автореф,дисс,канд,филол,316
кн,актуальный,проблема,русский,словообразование,316
функциональный,семантика,оценка,экспрессивность,модальность,316
культурный,концепт,волгоград,архангельск,перемена,316
актуальный,проблема,русский,словообразование,самарканд,315
литературный,язык,Автореф,дисс,канд,315
язык,Изв,ан,ссср,сера,315
проблема,речевой,коммуникация,Межвуз,сб,315
современный,русский,язык,филологический,наука,314
методологический,проблема,исследование,фразеологический,состав,314
семантика,слово,аспект,семантический,исследование,314
литературный,язык,первый,половина,век,313
русский,язык,синтаксис,сложный,предложение,313
соиск,уч,ст,канд,филол,313
Лексико,семантический,поле,глагол,отношение,313
дис,канд,филол,наука,орел,313
язык,апробация,работа,основной,положение,313
грамматика,современный,башкирский,литературный,язык,313
исследовательский,университет,высокий,школа,экономика,313
словарь,русский,народный,говор,Вып,312
курс,курс,курс,курс,курс,312
русский,литературный,язык,новый,время,311
единица,Межвуз,сб,науч,тр,311
современный,немецкий,язык,Дисс,канд,310
персональный,дискурс,Сб,науч,тр,310
нерешенный,вопрос,теория,речевой,жанр,309
науч,тр,Моск,гос,пед,309
конгресс,исследователь,русский,язык,труд,309
академия,наука,ссср,серия,литература,308
фразеологический,семантика,язык,воронеж,Изд,308
болдырев,когнитивный,семантика,курс,лекция,308
знак,значение,знание,очерк,когнитивный,307
современный,русский,язык,текст,автореф,307
речь,сб,науч,ст,саратов,307
проблема,исследование,фразеологический,состав,язык,306
поиск,новый,путь,развитие,лингвострановедение,306
национальный,исследовательский,университет,высокий,школа,306
анализ,значимый,единица,русский,язык,305
значение,знание,очерк,когнитивный,философия,305
русский,язык,автореферат,дис,канд,304
единица,исследование,методологический,проблема,когнитивный,304
французский,язык,автореф,дис,канд,304
словарь,русский,язык,ока,слово,303
дис,канд,филол,наука,тюмень,303
исследователь,русский,язык,русский,язык,303
Изв,ан,ссср,сера,литература,302
конгресс,исследователь,русский,язык,русский,302
словарь,русский,литературный,язык,конец,301
фонология,ударение,интонация,словообразование,морфология,301
Автореф,дно,канд,филол,наука,301
основа,общий,теория,перевод,лингвистический,301
знание,очерк,когнитивный,философия,язык,301
немецкий,язык,текст,автореф,дис,301
современный,английский,язык,Автореф,канд,300
научный,конференция,профессорско,преподавательский,состав,300
канд,филол,наука,санкт,петербург,300
способ,представление,мир,вопрос,языкознание,300
сборник,научный,труд,Отв,ред,300
лингвистический,анализ,художественный,текст,теория,300
достижение,поставлять,цель,необходимо,решать,299
аспект,текст,автореф,дис,канд,299
электронный,ресурс,режим,доступ,Загл,299
фонетика,фонология,ударение,интонация,словообразование,298
функциональный,стиль,современный,русский,литературный,298
дис,канд,филол,наука,ставрополь,298
поставлять,цель,необходимо,решать,следующий,298
язык,язык,динамический,мир,дубно,298
лукьянов,экспрессивный,лексика,разговорный,употребление,297
Межвуз,сб,науч,тр,Отв,297
соискание,ученый,степень,канд,филол,297
коммуникация,Межвуз,сб,науч,тр,297
лексика,дагестанский,язык,название,животное,297
вестник,российский,университет,дружба,народ,297
язык,миф,культура,символ,жизнь,295
вопрос,психолингвистика,трибуна,молодой,ученый,295
исторический,развитие,лексика,тюркский,язык,294
исторический,грамматика,русский,язык,морфология,294
теория,функциональный,грамматика,качественность,Количественность,294
язык,основа,теория,устойчивый,фраза,293
основной,проблема,лексический,семантика,новое,293
терминология,современный,проблема,русский,терминология,293
словарь,современный,русский,язык,языковой,293
большой,фразеологический,словарь,русский,язык,293
ресурс,электрон,давать,режим,доступ,293
современный,русский,язык,ученый,записка,292
литературный,язык,Дис,канд,филол,292
современный,русский,язык,языковой,изменение,292
словарь,русский,язык,электронный,ресурс,292
прогресс,Вып,теория,речевой,акт,291
русский,язык,проблема,грамматический,семантика,290
анализ,поэтический,текст,структура,стих,289
язык,современный,проблема,кавказский,языкознание,289
объект,междисциплинарный,исследование,учебный,пособие,289
электронный,ресурс,электрон,давать,режим,289
русский,язык,основа,теория,устойчивый,288
структура,значение,слово,воронеж,Изд,288
язык,электронный,ресурс,дата,обращение,288
разговорный,употребление,проблема,семантика,новосибирск,287
ментальность,способ,представление,мир,вопрос,287
мир,сквозь,призма,словообразование,макрокосм,287
межвузовский,сборник,научный,труд,Вып,287
русский,язык,языковой,изменение,конец,287
международный,научно,практический,конференция,язык,287
англ,фр,немой,исп,польск,286
Дис,канд,филол,наука,пятигорск,286
автореф,дисс,докт,филол,наука,286
основной,понятие,исчисление,речевой,акт,285
современный,русский,язык,основа,теория,285
речевой,коммуникация,Межвуз,сб,науч,285
логический,анализ,язык,язык,эстетика,285
лексика,Автореф,дис,канд,филол,283
русский,язык,Межвуз,сб,науч,283
аспект,Дисс,канд,филол,наука,283
литература,заключение,ДИССЕРТАЦИИпо,тема,русский,282
изучение,речевой,жанр,обзор,работа,282
век,дис,канд,филол,наука,282
этимологический,словарь,русский,язык,текст,281
словарь,русский,говор,средний,урал,280
др,краткий,словарь,когнитивный,термин,280
очерк,история,русский,литературный,язык,280
ежегодник,иберийский,кавказский,языкознание,тбилиси,280
электронный,ресурс,дата,обращение,сайт,280
толковый,словарь,русский,язык,спб,279
предложение,теоретический,проблема,синтаксис,современный,279
концепт,культура,образ,понятие,символ,279
национальный,культурный,специфика,речевой,общение,279
современный,русский,язык,Автореф,канд,278
история,русский,литературный,язык,век,278
когнитивный,семантика,история,персоналия,идея,278
государственный,университет,филология,искусствоведение,Вып,278
дис,канд,филол,наука,кемерово,277
автореф,дис,доктор,филол,наука,277
русский,литературный,язык,второй,половина,276
историко,этимологический,словарь,осетинский,язык,276
русский,литературный,язык,конец,начало,276
прикладной,вопрос,языкознание,универсальный,типовой,276
дис,канд,филол,наука,пермь,275
структура,высказывание,семантический,структура,слово,275
развитие,фонетика,современный,русский,язык,274
теория,функциональный,грамматика,Субъектность,Объектность,274
ван,язык,познание,коммуникация,текст,274
словарь,электронный,ресурс,режим,доступ,274
развитие,функциональный,стиль,современный,русский,273
современный,русский,язык,теоретический,курс,273
четыре,глава,заключение,список,использовать,273
глава,ВВЕДЕНИЕ,диссертация,часть,автореферат,273
семантический,основа,образный,средство,язык,273
общий,объем,работа,составлять,страница,273
тр,тверь,Твер,гос,уна,273
энциклопедический,словарь,текст,гл,ред,273
построение,научно,технический,терминология,вопрос,272
картина,мир,языковой,картина,мир,272
компонент,семантический,структура,высказывание,семантический,272
словарь,справочник,лингвистический,термин,пособие,272
новый,путь,развитие,лингвострановедение,концепция,272
Слышкин,методологический,проблема,когнитивный,лингвистика,272
крылатый,слово,литературный,цитата,образный,271
слово,литературный,цитата,образный,выражение,271
история,лексика,русский,литературный,язык,271
развитие,современный,русский,язык,словообразование,271
грамматический,исследование,функционально,стилистический,аспект,271
механизм,экспрессивный,окраска,языковой,единица,271
литература,Автореф,дис,канд,филол,271
гг,Автореф,дис,канд,филол,271
фрагмент,концептуальный,анализ,слово,память,271
узбекский,язык,Автореф,дис,канд,271
русский,язык,сегодня,Вып,Сб,271
известие,волгоградский,государственный,педагогический,университет,271
научно,технический,терминология,вопрос,теория,270
ЛЭС,лингвистический,энциклопедический,словарь,Гл,270
семантический,структура,высказывание,семантический,структура,270
Дис,канд,филол,наука,уфа,270
семантика,история,персоналия,идея,результат,270
экспрессивный,синтаксический,конструкция,современный,русский,269
разговорный,речь,Автореф,дис,канд,269
тез,докл,науч,конф,волгоград,269
современный,английский,язык,теоретический,курс,269
текст,текст,автореф,дис,канд,269
Объектность,коммуникативный,перспектива,высказывание,определенность,268
методика,преподавание,иностранный,язык,омск,268
науч,тр,тверь,Твер,гос,268
языкознание,большой,энциклопедический,словарь,гл,268
структура,простой,предложение,современный,английский,267
апробация,работа,основной,положение,работа,267
московский,государственный,областной,университет,серия,267
Субъектность,Объектность,коммуникативный,перспектива,высказывание,266
современный,английский,язык,учеба,пособие,266
Фасмер,этимологический,словарь,русский,язык,265
бодуэн,де,Куртенэ,избранный,труд,265
лексический,система,современный,русский,язык,265
словарь,новый,слово,русский,язык,265
дис,докт,филол,наука,спб,265
сопоставительный,изучение,словообразование,славянский,язык,265
исп,польск,яз,Вступ,ст,265
международный,научно,практический,конференция,проблема,265
словарь,эпитет,русский,литературный,язык,264
исследование,список,литература,диссертационный,ИССЛЕДОВАНИЯкандидат,264
гносеологический,аспект,философский,проблема,языкознание,264
анализ,фразеологический,единица,современный,русский,264
Дис,канд,филол,наука,иркутск,264
язык,ежегодник,иберийский,кавказский,языкознание,264
дискурс,Сб,науч,тр,волгоград,264
коммуникация,межвуз,сб,науч,тр,264
вестник,воронежский,государственный,университет,серия,264
дис,канд,филол,наука,львов,263
русский,язык,проблема,художественный,речь,263
татарский,язык,Автореф,дис,канд,263
вв,автореф,дис,канд,филол,263
известие,ан,ссср,отделение,литература,262
английский,язык,автореферат,дис,канд,262
автореф,дис,канд,филос,наука,262
вестник,иркутский,государственный,лингвистический,университет,262
ТСРЯ,толковый,словарь,русский,язык,261
фр,немой,исп,польск,яз,261
НКРЯ,национальный,корпус,русский,язык,261
актуальный,проблема,русский,словообразование,материал,260
дисс,канд,филол,наука,минск,260
функциональный,грамматика,Субъектность,Объектность,коммуникативный,260
научный,издательство,большой,российский,энциклопедия,260
грамматический,строй,современный,русский,язык,259
дисс,канд,филол,наука,казань,259
конструкция,современный,русский,литературный,язык,259
становление,дискурсивный,мышление,языковой,личность,259
образ,русский,речь,историко,этимологический,259
общий,теория,перевод,лингвистический,проблема,259
мир,дис,канд,филол,наука,259
язык,текст,язык,способность,Сб,258
гуманитарный,наука,опыт,философский,анализ,258
Вып,логический,анализ,естественный,язык,258
Межвуз,сб,науч,тр,калинин,258
новый,онтология,анализ,языковой,сознание,258
проблема,речевой,коммуникация,межвуз,сб,258
даль,толковый,словарь,живой,великорусский,257
русский,язык,синтаксис,осложнять,предложение,257
грамматика,Субъектность,Объектность,коммуникативный,перспектива,257
режим,доступ,свободный,электронный,ресурс,257
исторический,грамматика,русский,литературный,язык,256
стилистически,окрашивать,лексика,русский,язык,256
поставлять,цель,решаться,следующий,задача,256
функциональный,грамматика,Локативность,бытийность,Посессивность,256
краткий,очерк,история,русский,литературный,256
говор,Автореф,дис,канд,филол,256
словарь,словообразовательный,элемент,немецкий,язык,256
библия,книга,священный,писание,ветхий,256
азербайджанский,язык,Автореф,дис,канд,256
модель,речевой,жанр,жанр,речь,255
труд,история,русский,литературный,язык,255
краткий,словарь,термин,лингвистика,текст,255
автореферат,дис,кандидат,филологический,наука,255
институт,лингвистический,исследование,ран,санкт,255
языковой,личность,культурный,концепт,сб,255
урало,алтайский,исследование,урало,алтайский,255
алтайский,исследование,урало,алтайский,исследование,255
современный,русский,язык,Уч,зап,254
научный,литература,язык,стиль,жанр,254
текст,Автореф,дис,докт,филол,254
дисс,канд,филол,наука,ростов,254
межвуз,сб,науч,тр,Вып,254
язык,введение,диссертация,часть,автореферат,253
русский,глагол,принцип,типологический,анализ,253
глагол,принцип,типологический,анализ,язык,253
фактор,адресат,известие,ан,ссср,253
новый,лексика,современный,английский,язык,253
теоретический,значимость,диссертационный,исследование,заключаться,253
науч,тр,волгоград,архангельск,перемена,253
язык,проблема,художественный,речь,лексикология,252
школьный,фразеологический,словарь,русский,язык,252
межкультурный,общение,новый,онтология,анализ,252
язык,языковой,изменение,конец,столетие,252
язык,эстетика,концептуальный,поле,прекрасный,252
картина,мир,дис,канд,филол,252
современный,русский,язык,синтаксис,сложный,251
гайсин,Лексико,семантический,поле,глагол,251
научно,практический,конференция,русский,язык,251
яз,Автореф,дис,канд,филол,251
докл,высш,школа,Филол,наука,251
материал,национальный,корпус,русский,язык,251
язык,составлять,второй,отделение,императорский,250
русский,предложение,бытийный,тип,структура,250
анализ,язык,язык,эстетика,концептуальный,250
международный,научно,практический,конференция,посвящать,249
работа,основной,положение,диссертация,обсуждаться,249
русский,язык,актуальный,проблема,русский,249
языкознание,международный,съезд,славист,доклад,249
проблема,семантический,анализ,фразеологический,единица,249
Дис,канд,филол,наука,челябинск,249
казахский,язык,Автореф,дис,канд,249
вестник,московский,государственный,лингвистический,университет,249
избранный,труд,история,русский,литературный,248
грамматика,Локативность,бытийность,Посессивность,обусловленность,248
очерк,исторический,морфология,русский,язык,248
общение,новый,онтология,анализ,языковой,248
национальный,корпус,русский,язык,электронный,248
составлять,второй,отделение,императорский,академия,247
лексикон,человек,психолингвистический,исследование,воронеж,247
речь,Дисс,канд,филол,наука,247
лингвистический,исследование,ран,санкт,петербург,247
дис,канд,филол,наука,иваново,247
язык,сегодня,Вып,Сб,статья,247
речевой,коммуникация,межвуз,сб,науч,247
язык,язык,эстетика,концептуальный,поле,247
русский,языковой,сознание,опыт,лингвокультурологического,247
дискурс,текст,дис,канд,филол,247
современный,русский,лексикология,русский,окказиональный,246
русский,лексикология,русский,окказиональный,слово,246
язык,авто,реф,дис,канд,246
федоров,основа,общий,теория,перевод,245
дис,канд,филол,наука,нижний,245
канд,филол,наука,улан,удэ,245
языковой,сознание,опыт,лингвокультурологического,анализ,245
язык,художественный,проза,избранный,труд,244
семантика,синонимический,средство,язык,текст,244
тип,дискурс,языковой,личность,институциональный,244
аспект,текст,дис,канд,филол,244
описание,английский,эквивалент,синоним,антоним,243
Автореф,дис,канд,филос,наука,243
Сб,науч,тр,волгоград,архангельск,243
основа,словарный,состав,современный,английский,243
функциональный,грамматика,проблема,функциональный,грамматика,242
идеографический,описание,английский,эквивалент,синоним,242
культура,логический,анализ,язык,культурный,242
дис,канд,филол,наука,таганрог,242
сб,науч,тр,воронеж,Изд,242
текст,список,литература,диссертационный,ИССЛЕДОВАНИЯкандидат,242
этимологический,основа,словарный,состав,современный,242
язык,автореф,дис,докт,филол,242
адресат,Изв,ан,ссср,сера,241
Дис,канд,филол,наука,москва,241
дисс,канд,филол,наука,екатеринбург,241
список,использовать,литература,включать,наименование,240
общий,объем,диссертация,составлять,страница,240
личность,культурный,концепт,сб,науч,240
дата,обращение,сайт,электронный,ресурс,240
современный,русский,язык,вопрос,синтаксис,239
русский,язык,словообразование,Членимость,слово,239
ЭССЯ,этимологический,словарь,славянский,язык,239
русский,глагол,идеографический,описание,английский,239
вв,Дис,канд,филол,наука,239
часть,речь,современный,русский,язык,239
КСКТ,краткий,словарь,когнитивный,термин,239
обращение,оглавление,ДИССЕРТАЦИИкандидат,филологический,наука,239
язык,вопрос,синтаксис,современный,русский,238
лексический,вопрос,перевод,художественный,проза,238
краткий,словарь,когнитивный,термин,Кубрякова,238
диалогический,речь,современный,английский,язык,238
аварский,язык,Автореф,дис,канд,238
действие,очерк,современный,русский,стилистика,238
автореф,дис,док,филол,наука,238
исторический,грамматика,русский,язык,синтаксис,237
художественный,текст,Дис,канд,филол,237
газетный,полоса,некоторый,особенность,язык,237
синтаксический,конструкция,современный,русский,литературный,237
мир,Автореф,дис,канд,филол,237
практический,значимость,работа,определяться,возможность,237
синтаксис,диалогический,речь,современный,английский,237
ан,ссср,институт,русский,язык,237
основа,функциональный,грамматика,языковой,интерпретация,237
толковый,словарь,русский,язык,начало,237
корпус,русский,язык,электронный,ресурс,237
материал,английский,язык,дис,канд,237
проблема,языковой,картина,мир,вопрос,236
глагол,идеографический,описание,английский,эквивалент,236
обращение,сайт,электронный,ресурс,дата,236
материал,современный,немецкий,язык,Автореф,235
апробация,работа,основной,положение,исследование,235
типологический,описание,современный,германский,язык,234
национальный,культурный,аспект,оценочный,семантика,234
толковый,словарь,русский,язык,современный,234
семантический,представление,эмоция,вопрос,языкознание,234
английский,язык,дисс,канд,филол,234
национальный,корпус,русский,язык,НКРЯ,234
международный,научно,практический,конференция,современный,234
язык,текст,Автореф,дис,канд,234
современный,немецкий,язык,дис,канд,234
бавлПУ,бесВ,средВ,счК,южВБ,234
ресурс,дата,обращение,сайт,электронный,234
структурно,типологический,описание,современный,германский,233
язык,актуальный,проблема,русский,словообразование,233
анализ,единица,лексический,уровень,томск,233
константа,словарь,русский,культура,текст,233
энциклопедический,словарь,текст,Гл,ред,233
дата,обращение,оглавление,ДИССЕРТАЦИИкандидат,филологический,233
ран,тамбов,издательский,дом,ТГУ,233
толковый,словарь,русский,общий,жаргон,232
современный,русский,литературный,язык,Дис,232
зап,Моск,гос,пед,ин,232
языкознание,ран,тамбов,издательский,дом,232
фонетика,современный,русский,литературный,язык,231
анализ,значимый,единица,язык,принцип,231
текст,автореф,канд,филол,наука,231
славянский,языковой,моделирующий,семиотический,система,230
дисс,канд,филол,наука,томск,230
проблема,функциональный,грамматика,категория,морфология,230
русский,язык,логический,анализ,язык,230
международный,научный,конференция,актуальный,проблема,230
грамматика,языковой,интерпретация,идея,время,230
речевой,общение,коммуникативный,прагматический,подход,230
науч,тр,ВГПУ,волгоград,перемена,229
семантический,анализ,фразеологический,единица,современный,229
апробация,работа,основной,теоретический,положение,229
функциональный,грамматика,языковой,интерпретация,идея,229
когнитивный,лингвистика,вопрос,когнитивный,лингвистика,229
русский,литературный,язык,русский,язык,228
Дис,канд,филол,наука,тверь,228
семантический,тип,видовой,противопоставление,русский,228
когнитивный,аспект,языковой,категоризации,Сб,228
язык,отраслевой,лексика,дагестанский,язык,228
развитие,синтаксис,современный,русский,язык,227
сравнительно,исторический,лексика,дагестанский,язык,227
Лакофф,Дж,лингвистический,гештальты,новый,227
язык,научный,доклад,высокий,школа,227
введение,четыре,глава,заключение,библиография,227
точка,зрение,теория,речевой,акт,227
некоторый,лингвистический,проблема,изучение,термин,227
современный,русский,литературный,язык,вопрос,227
дис,канд,филол,наука,омск,226
Межвуз,сб,науч,тр,воронеж,226
культура,издательский,фирма,восточный,литература,226
зарубежный,лингвистика,Вып,контрастивный,лингвистика,226
русский,литературный,язык,ан,ссср,225
языковой,картина,мир,Автореф,дис,225
современный,русский,язык,словообразование,Членимость,225
современный,русский,устный,научный,речь,225
фразеологический,словарь,русский,язык,значение,225
отраслевой,лексика,дагестанский,язык,соматический,225
лексика,дагестанский,язык,соматический,термин,225
Межвуз,сб,науч,тр,Вып,224
язык,русский,культура,издательский,фирма,224
исследование,Дис,канд,филол,наука,224
современный,языкознание,материал,научно,теоретический,224
тип,видовой,противопоставление,русский,глагол,224
свободный,электронный,ресурс,режим,доступ,224
словообразование,современный,русский,литературный,язык,223
исторический,лексикология,русский,язык,век,223
кунин,англо,русский,фразеологический,словарь,223
полоса,некоторый,особенность,язык,современный,223
русский,культура,издательский,фирма,восточный,223
современный,русский,язык,автореферат,дис,223
функционально,смысловой,тип,речь,описание,223
семантический,система,язык,воронеж,Изд,223
дискурс,Дис,канд,филол,наука,223
вестник,МГОУ,серия,русский,филология,223
словарь,синоним,русский,язык,практический,222
системный,анализ,значимый,единица,русский,222
лексико,семантический,система,язык,текст,222
культурный,концепт,сб,науч,тр,222
институт,языкознание,академия,наука,ссср,221
историко,этимологический,словарь,русский,язык,221
семантический,класс,русский,глагол,свердловск,221
разговорный,речь,русский,разговорный,речь,221
лексический,система,язык,внутренний,организация,221
константа,словарь,русский,культура,Изд,221
текст,автореферат,дис,канд,филол,221
мир,автореф,дис,канд,филол,221
современный,русский,литературный,язык,ан,220
синоним,русский,язык,практический,справочник,220
глава,заключение,список,использовать,научный,220
межвузовский,сборник,научный,труд,пермь,220
русский,литературный,язык,Автореф,дисс,220
Лакофф,Дж,постулат,речевой,общение,220
речевой,системность,научный,стиль,сравнительно,220
дис,канд,филол,наука,днепропетровск,220
практический,ценность,работа,определяться,возможность,220
Автореф,дис,канд,пед,наука,220
речь,дис,канд,филол,наука,220
межвуз,сб,науч,тр,саратов,220
исследование,слово,текст,избранный,труд,220
межвузовский,научно,методический,конференция,преподаватель,219
дисс,канд,филол,наука,алма,219
язык,внутренний,организация,категориальный,аппарат,219
Сб,ст,ан,ссср,ин,219
современный,русский,литературный,язык,автореф,219
психолингвистический,исследование,слово,текст,избранный,219
современный,русский,литературный,язык,русский,218
некоторый,особенность,язык,современный,газетный,218
испанский,язык,Автореф,дис,канд,218
система,язык,внутренний,организация,категориальный,218
картина,мир,Автореф,дис,канд,218
российский,университет,дружба,народ,серия,218
словарь,электронный,ресурс,дата,обращение,218
сравнительный,словарь,турецкий,татарский,наречие,217
язык,Автореф,дисс,канд,филолог,217
языкознание,ран,Волгогр,гос,пед,217
проблема,речевой,коммуникация,саратов,Изд,217
лингв,фак,высш,учеба,заведение,217
дис,канд,филол,наука,душанбе,217
языкознание,материал,научно,теоретический,семинар,217
когнитивный,основание,изучение,семантика,слово,217
русский,язык,электронный,ресурс,режим,217
текст,текст,дис,канд,филол,217
система,форма,речевой,высказывание,спб,216
память,логический,анализ,язык,культурный,216
государственный,университет,серия,гуманитарный,наука,216
дис,канд,филол,наука,нальчик,216
французский,язык,дис,канд,филол,216
Стернин,методологический,проблема,когнитивный,лингвистика,216
персональный,дискурс,сб,науч,тр,216
доступ,свободный,электронный,ресурс,режим,216
самопознание,этнокультурный,специфика,языковой,сознание,215
дисс,канд,филол,наука,одесса,215
основа,образный,средство,язык,новосибирск,215
современный,французский,язык,Дис,канд,215
анализ,текст,основа,теория,принцип,215
русский,литературный,язык,автореф,дис,215
стилистика,современный,английский,язык,учебник,215
актуальный,проблема,лексикология,тезис,доклад,214
публикация,структура,работа,диссертация,состоять,214
Дис,канд,филол,наука,барнаул,214
словарь,русский,язык,начало,век,214
текст,Изв,ан,ссср,сера,214
предложение,Дис,канд,филол,наука,214
явление,городской,культура,екатеринбург,арго,214
государственный,учебный,научный,центр,колледж,214
словарь,русский,старожильческий,говор,средний,213
библиографический,список,заключение,ДИССЕРТАЦИИпо,тема,213
область,Автореф,дис,канд,филол,213
системный,анализ,регулятивный,средство,диалогический,213
анализ,регулятивный,средство,диалогический,общение,213
материал,современный,английский,язык,Дис,213
учебный,педагогический,издательство,министерство,просвещение,213
педагогический,издательство,министерство,просвещение,рсфср,213
данные,национальный,корпус,русский,язык,213
русский,язык,текст,учеба,пособие,213
толковый,словарь,словообразовательный,единица,русский,212
семантика,художественный,текст,доклад,международный,212
художественный,текст,доклад,международный,конференция,212
словарь,культура,век,ключевой,понятие,212
проблема,функциональный,грамматика,полевой,структура,212
материал,современный,английский,язык,текст,212
немецкий,язык,текст,дис,канд,212
русский,язык,вопрос,синтаксис,современный,211
уч,степень,канд,филол,наука,211
словарь,словообразовательный,единица,русский,язык,211
глава,заключение,библиографический,список,список,211
единица,Автореф,дис,канд,филол,211
сознание,этнокультурный,специфика,языковой,сознание,211
эмоциональный,нагрузка,слово,опыт,психолингвистический,210
нагрузка,слово,опыт,психолингвистический,исследование,210
язык,материал,международный,научный,конференция,210
система,язык,проблема,структурный,лингвистика,210
апробация,работа,результат,исследование,обсуждаться,210
пословица,загадка,структура,смысл,текст,210
грамматика,современный,якутский,литературный,язык,210
избранный,работа,семиотика,поэтика,пер,209
введение,логический,анализ,язык,ментальный,209
ДИССЕРТАЦИИпо,тема,язык,народ,зарубежный,209
тема,язык,народ,зарубежный,страна,209
язык,народ,зарубежный,страна,азия,209
народ,зарубежный,страна,азия,африка,209
зарубежный,страна,азия,африка,абориген,209
страна,азия,африка,абориген,америка,209
языковой,сознание,носитель,русский,язык,208
русский,литературный,язык,Дис,канд,208
век,Автореф,дисс,канд,филол,208
существительное,Автореф,дис,канд,филол,208
вестник,волгоградский,государственный,университет,серия,208
анализ,автореф,дис,канд,филол,208
ресурс,режим,доступ,свободный,электронный,208
встречаться,толковый,словарь,русский,общий,207
особенность,язык,современный,газетный,публицистика,207
заключение,список,использовать,научный,литература,207
русский,литературный,язык,Отв,ред,207
работа,использоваться,следующий,метод,исследование,207
конференция,молодой,ученый,актуальный,проблема,207
материал,международный,научный,конференция,посвящать,207
филологический,анализ,текст,основа,теория,207
методика,исследование,структура,концепт,методологический,207
языковой,картина,мир,дис,канд,207
языковой,картина,мир,автореф,дис,207
русский,речь,проблема,современный,русский,207
речь,проблема,современный,русский,язык,207
школа,язык,русский,культура,издательский,206
научный,стиль,русский,литературный,язык,206
анализ,Дис,канд,филол,наука,206
фразеологический,номинация,особенность,семантика,фразеологизм,206
составлять,страница,заключение,ДИССЕРТАЦИИпо,тема,206
государственный,учебный,педагогический,издательство,министерство,206
сборник,пословица,загадка,структура,смысл,206
эмоционально,чувственный,компонент,значение,слово,206
опыт,русский,фразеология,сборник,образный,205
методологический,проблема,анализ,язык,ереван,205
народный,культура,логический,анализ,язык,205
языковой,личность,система,норма,стиль,205
французский,язык,Автореф,дисс,канд,205
языковой,сознание,этнокультурный,специфика,языковой,205
электронный,ресурс,сайт,дата,обращение,205
чужой,опыт,русский,фразеология,сборник,204
русский,фразеология,сборник,образный,слово,204
русский,язык,Автореф,канд,филол,204
Сб,науч,тр,ВГПУ,волгоград,204
современный,русский,художественный,литература,проза,204
текст,Сб,науч,тр,МГПИИЯ,204
дис,канд,филол,наука,белгород,204
защита,выноситься,следующий,основной,положение,204
вопрос,синтаксический,строй,иберийский,кавказский,204
картина,мир,автореф,дис,канд,204
большой,словарь,русский,жаргон,спб,203
явление,мотивация,слово,лексикологический,аспект,203
член,лексический,система,язык,проблема,203
ан,ссср,серия,лит,ры,203
БТС,большой,толковый,словарь,русский,203
словарь,Автореф,дис,канд,филол,203
вестник,московский,университет,серия,лингвистика,203
исследование,структура,концепт,методологический,проблема,203
русский,литературный,язык,начало,век,202
лексический,система,язык,проблема,структурный,202
роль,говорить,социально,лингвистический,исследование,202
синтаксический,строй,иберийский,кавказский,язык,202
структура,концепт,методологический,проблема,когнитивный,202
словарь,синоним,русский,язык,первый,201
язык,словарь,современный,русский,литературный,201
фразеологический,словарь,русский,язык,свыше,201
социальный,роль,говорить,социально,лингвистический,201
дагестанский,язык,соматический,термин,махачкала,201
большой,англо,русский,фразеологический,словарь,201
толковый,словарь,русский,язык,электронный,201
когнитивный,теория,метафора,теория,метафора,200
вестник,ВГУ,серия,гуманитарный,наука,200
грамматический,словарь,русский,язык,словоизменение,200
структура,социальный,коммуникация,проблема,семиосоциопсихологии,200
перспектива,высказывание,определенность,неопределенность,спб,200
обсуждение,вопрос,стилистика,вопрос,языкознание,200
системный,семантический,словарь,русский,язык,200
язык,Дисс,канд,филолог,наука,200
бюллетень,уральский,лингвистический,общество,екатеринбург,200
