язык,Автореф,дис,канд,21769
современный,русский,литературный,язык,19211
толковый,словарь,русский,язык,13498
литература,диссертационный,ИССЛЕДОВАНИЯкандидат,филологический,12832
диссертационный,ИССЛЕДОВАНИЯкандидат,филологический,наука,12832
оглавление,ДИССЕРТАЦИИкандидат,филологический,наука,9971
язык,Дис,канд,филол,8375
текст,автореф,дис,канд,8082
русский,языковой,картина,мир,6854
английский,язык,Автореф,дис,6853
школа,язык,русский,культура,6775
язык,автореф,дис,канд,6769
этимологический,словарь,русский,язык,6218
русский,язык,Автореф,дис,6159
текст,дис,канд,филол,6126
история,русский,литературный,язык,5770
язык,Автореф,дисс,канд,5627
современный,английский,язык,Автореф,5602
логический,анализ,язык,язык,5486
текст,текст,текст,текст,5334
словарь,живой,великорусский,язык,5063
толковый,словарь,живой,великорусский,4948
современный,русский,язык,Автореф,4918
ДИССЕРТАЦИИпо,тема,русский,язык,4587
словарь,современный,русский,литературный,4555
язык,дис,канд,филол,4513
заключение,ДИССЕРТАЦИИпо,тема,русский,4188
энциклопедический,словарь,Гл,ред,4045
словарь,синоним,русский,язык,3993
русский,язык,грамматический,учение,3950
краткий,словарь,когнитивный,термин,3915
канд,филол,наука,текст,3706
современный,русский,язык,текст,3696
фразеологический,словарь,русский,язык,3528
синтаксис,современный,русский,язык,3336
словарь,современный,русский,язык,3197
английский,язык,Дис,канд,3189
лексико,семантический,система,язык,3186
текст,Автореф,дис,канд,3087
исторический,грамматика,русский,язык,3082
константа,словарь,русский,культура,3070
национальный,корпус,русский,язык,2969
лексический,семантика,синонимический,средство,2923
семантика,синонимический,средство,язык,2887
актуальный,проблема,русский,словообразование,2885
русский,язык,русский,язык,2878
немецкий,язык,Автореф,дис,2795
язык,Дисс,канд,филол,2770
логический,анализ,язык,культурный,2721
методологический,проблема,когнитивный,лингвистика,2717
анализ,язык,культурный,концепт,2709
тип,языковой,значение,оценка,2651
языковой,значение,оценка,событие,2639
проблема,семантический,анализ,лексика,2608
современный,немецкий,язык,Автореф,2603
современный,английский,язык,текст,2570
ДИССЕРТАЦИИпо,тема,германский,язык,2560
круг,личность,концепт,дискурс,2548
языкознание,большой,энциклопедический,словарь,2521
языковой,круг,личность,концепт,2492
язык,текст,автореф,дис,2444
методика,преподавание,иностранный,язык,2375
русский,язык,Дис,канд,2357
русский,язык,автореф,дис,2350
лингвистический,энциклопедический,словарь,Гл,2317
языковой,номинация,общий,вопрос,2280
большой,толковый,словарь,русский,2279
русский,фразеология,семантический,прагматический,2236
языковой,номинация,вид,наименование,2218
лексика,современный,русский,язык,2215
фрагмент,русский,языковой,картина,2214
английский,язык,автореф,дис,2211
стилистика,современный,английский,язык,2206
Вып,теория,речевой,акт,2196
лингвистический,анализ,художественный,текст,2109
американский,вариант,английский,язык,2096
фразеология,современный,русский,язык,2074
ДИССЕРТАЦИИпо,тема,теория,язык,2063
языковой,личность,культурный,концепт,2045
современный,английский,язык,Дис,2038
материал,современный,английский,язык,2027
русский,язык,конец,столетие,2026
словарь,русский,народный,говор,1947
словарь,русский,язык,текст,1938
ОГЛАВЛЕНИЕ,ДИССЕРТАЦИИкандидат,филологический,наука,1909
анализ,язык,язык,пространство,1904
современный,русский,язык,синтаксис,1864
русский,язык,Автореф,дисс,1856
грамматика,современный,русский,литературный,1838
русский,язык,исторический,судьба,1797
аспект,семантика,номинативный,единица,1797
зарубежный,лингвистика,Вып,лингвистический,1786
современный,русский,язык,лексика,1775
коннотативный,аспект,семантика,номинативный,1758
ван,язык,познание,коммуникация,1754
фрагмент,языковой,картина,мир,1748
английский,язык,Автореф,дисс,1720
национальный,культурный,специфика,речевой,1713
словарь,справочник,лингвистический,термин,1698
русский,язык,учеба,пособие,1696
словарь,русский,язык,вв,1675
язык,языковой,механизм,экспрессивность,1653
язык,текст,дис,канд,1639
русский,язык,вопрос,языкознание,1606
новый,объяснительный,словарь,синоним,1593
текст,Дис,канд,филол,1592
большой,англо,русский,словарь,1580
современный,русский,язык,словообразование,1576
лингвистика,Вып,теория,речевой,1569
тема,сравнительно,исторический,типологический,1569
проблема,научно,технический,терминология,1548
институт,языкознание,ан,ссср,1546
стилистика,теория,поэтический,речь,1544
английский,язык,дис,канд,1544
русский,язык,ан,ссср,1527
атлас,русский,народный,говор,1517
энциклопедический,словарь,русский,язык,1515
англо,русский,фразеологический,словарь,1514
теория,поэтический,речь,поэтика,1503
степень,кандидат,филологический,наука,1498
стилистический,энциклопедический,словарь,русский,1480
словообразовательный,словарь,русский,язык,1478
литературный,язык,Автореф,дис,1467
Вып,когнитивный,аспект,язык,1466
словарь,русский,культура,опыт,1463
русский,язык,учебный,пособие,1459
лексико,фразеологический,семантика,язык,1459
коммуникативный,аспект,русский,синтаксис,1455
фразеология,современный,английский,язык,1453
ученый,степень,кандидат,филологический,1452
русский,культура,опыт,исследование,1446
лингвистический,проблема,научно,технический,1434
вестник,мгу,сера,филология,1429
объяснительный,словарь,синоним,русский,1427
современный,русский,язык,Дис,1423
лексический,атлас,русский,народный,1421
литература,диссертационный,ИССЛЕДОВАНИЯдоктор,филологический,1410
диссертационный,ИССЛЕДОВАНИЯдоктор,филологический,наука,1410
тип,лексический,значение,слово,1393
тип,языковой,значение,семантика,1377
формирование,языковой,картина,мир,1371
доктор,филологический,наука,профессор,1370
язык,Сб,науч,тр,1352
лингвистика,Вып,лингвистический,прагматика,1349
значение,семантика,производный,слово,1344
языковой,значение,семантика,производный,1343
большой,энциклопедический,словарь,Гл,1338
энциклопедический,словарь,гл,ред,1334
словарь,русский,литературный,язык,1329
русский,язык,дис,канд,1319
данные,язык,попытка,системный,1316
основной,тип,лексический,значение,1316
избранный,работа,семиотика,поэтика,1302
исторический,грамматика,тюркский,язык,1300
культурный,специфика,речевой,поведение,1299
речь,Автореф,дис,канд,1286
картина,мир,роль,человеческий,1283
язык,попытка,системный,описание,1280
высокий,школа,филологический,наука,1276
этнокультурный,специфика,языковой,сознание,1274
языковой,картина,мир,роль,1266
сравнительно,исторический,грамматика,тюркский,1248
функциональный,синтаксис,русский,язык,1242
аспект,Автореф,дис,канд,1240
язык,Автореф,дис,докт,1240
словарь,русский,язык,век,1221
логический,анализ,язык,ментальный,1217
анализ,язык,ментальный,действие,1217
проблема,когнитивный,лингвистика,воронеж,1212
этимологический,словарь,тюркский,язык,1207
мир,модель,пространство,время,1204
языковой,картина,мир,модель,1200
картина,мир,модель,пространство,1198
языковой,картина,мир,текст,1186
очерк,функциональный,синтаксис,русский,1181
историко,этимологический,словарь,современный,1177
материал,современный,немецкий,язык,1175
доклад,высокий,школа,филологический,1172
филологический,наука,вопрос,теория,1162
когнитивный,аспект,языковой,категоризации,1161
основа,лингвистический,теория,значение,1159
лексикология,современный,русский,язык,1157
институт,лингвистический,исследование,ран,1149
язык,коммуникация,модальность,дейксис,1146
русский,литературный,язык,Автореф,1143
современный,русский,язык,учеба,1138
этимологический,словарь,современный,русский,1131
языковой,личность,концепт,становление,1131
современный,русский,язык,автореф,1124
машинный,фонд,русский,язык,1123
оглавление,ДИССЕРТАЦИИдоктор,филологический,наука,1122
русский,литературный,язык,век,1120
Лингвокультурология,языковой,личность,концепт,1117
русский,язык,конец,век,1116
ЛЭС,лингвистический,энциклопедический,словарь,1115
грамматика,современный,английский,язык,1104
система,современный,русский,язык,1103
смысл,Логико,семантический,проблема,1102
теоретический,грамматика,французский,язык,1098
семантика,языковой,единица,доклад,1098
язык,средство,массовый,информация,1097
современный,русский,язык,русский,1096
немецкий,язык,Дис,канд,1092
французский,язык,Автореф,дис,1091
язык,речь,речевой,деятельность,1090
лингвистика,Вып,когнитивный,аспект,1089
диссертация,кандидат,филологический,наука,1088
язык,система,язык,текст,1087
современный,татарский,литературный,язык,1084
конгресс,исследователь,русский,язык,1083
ДИССЕРТАЦИИпо,тема,язык,народ,1083
создание,языковой,картина,мир,1082
русский,литературный,язык,вв,1080
зарубежный,лингвистика,Вып,когнитивный,1080
русский,литературный,язык,текст,1075
отраслевой,лексика,дагестанский,язык,1075
система,язык,текст,язык,1072
личность,концепт,становление,антропоцентрический,1071
язык,текст,язык,способность,1071
логический,анализ,язык,образ,1070
анализ,язык,образ,человек,1070
текст,Сб,науч,тр,1069
общий,языкознание,внутренний,структура,1068
сравнительный,грамматика,тюркский,язык,1066
концепт,становление,антропоцентрический,парадигма,1064
коммуникативный,грамматика,русский,язык,1052
теоретический,грамматика,английский,язык,1051
большой,энциклопедический,словарь,языкознание,1049
языкознание,внутренний,структура,язык,1045
современный,английский,язык,автореф,1045
развитие,современный,русский,язык,1044
языковой,значение,связанный,значение,1043
тип,языковой,значение,связанный,1039
современный,русский,язык,ростов,1027
русский,язык,филологический,наука,1027
английский,язык,текст,автореф,1023
значение,связанный,значение,слово,1023
материал,современный,русский,язык,1021
семантический,исследование,семантика,время,1014
язык,список,литература,диссертационный,1013
проблема,русский,словообразование,ташкент,1007
смысловой,восприятие,речевой,сообщение,1004
институт,русский,язык,ан,997
теория,функциональный,грамматика,Темпоральность,997
язык,народ,российский,федерация,993
слушать,вариант,речевой,поведение,991
лексико,семантический,группа,слово,990
фразеологический,словарь,русский,литературный,989
функциональный,грамматика,Темпоральность,модальность,989
методика,преподавание,русский,язык,988
лексикология,современный,английский,язык,986
номинативный,аспект,речевой,деятельность,985
толковый,словарь,современный,русский,983
материал,английский,язык,Автореф,981
точка,зрение,роль,язык,976
личность,культурный,концепт,волгоград,976
когнитивный,точка,зрение,роль,974
заключение,ДИССЕРТАЦИИпо,тема,язык,969
русский,язык,семантика,нарратива,968
современный,русский,язык,вопрос,958
язык,русский,поэзия,век,957
компонент,содержательный,структура,слово,957
московский,университет,сера,филология,956
синтаксис,современный,немецкий,язык,949
французский,школа,анализ,дискурс,942
аспект,автореф,дис,канд,939
словарь,русский,язык,слово,938
русский,лексика,словарный,материал,937
основа,теория,речевой,деятельность,937
русский,язык,электронный,ресурс,934
язык,язык,речевой,действие,934
анализ,язык,язык,речевой,933
заседание,кафедра,русский,язык,928
логический,анализ,язык,модель,928
английский,язык,Дисс,канд,926
язык,память,образ,лингвистика,926
анализ,язык,модель,действие,924
международный,конгресс,исследователь,русский,918
анализ,язык,язык,этика,914
практика,преподавание,русский,язык,912
память,образ,лингвистика,языковой,909
грамматический,строй,русский,язык,908
функционирование,коммуникативный,прагматический,аспект,908
квадратура,смысл,французский,школа,903
образ,лингвистика,языковой,существование,903
история,язык,русский,поэзия,900
язык,автореферат,дис,канд,894
современный,немецкий,язык,текст,893
логико,философский,анализ,язык,889
лексика,русский,литературный,язык,888
смысл,французский,школа,анализ,888
словарь,антоним,русский,язык,886
этимологический,словарь,славянский,язык,885
спб,филологический,факультет,СПбГУ,885
теория,функциональный,грамматика,введение,885
языковой,единица,разный,уровень,879
лингвистика,психология,когнитивный,наука,879
русский,язык,Дисс,канд,874
тема,язык,народ,российский,872
очерк,история,язык,русский,871
современный,французский,язык,Автореф,871
лексический,значение,принцип,семиологического,865
лингвистический,энциклопедический,словарь,гл,860
принцип,семиологического,описание,лексика,860
словарь,русский,язык,конец,859
курс,фразеология,современный,английский,857
язык,язык,народ,ссср,856
анализ,структура,значение,слово,856
русский,народный,говор,материал,854
лингвистический,описание,разговорный,речь,854
лингвистика,Вып,лингвистика,текст,850
синтаксис,русский,разговорный,речь,846
теоретический,проблема,синтаксис,современный,843
практика,лингвистический,описание,разговорный,842
современный,немецкий,язык,Дис,841
лексико,семантический,группа,глагол,839
когнитивизма,лингвистика,психология,когнитивный,838
вопрос,синтаксис,современный,русский,836
аспект,дис,канд,филол,836
синтаксис,современный,индоевропейский,язык,836
исторический,лексикология,русский,язык,832
современный,узбекский,литературный,язык,827
проблема,синтаксис,современный,индоевропейский,826
речь,сборник,научный,статья,824
современный,русский,язык,лексикология,822
текст,Автореф,дисс,канд,819
степень,доктор,филологический,наука,813
общий,языкознание,форма,существование,813
текст,автореф,дисс,канд,813
языкознание,форма,существование,функция,812
когнитивный,семантика,курс,лекция,809
словарь,лингвистический,термин,текст,807
существование,функция,история,язык,806
вестник,мгу,серия,филология,801
мыслящий,мир,человек,текст,795
ученый,степень,доктор,филологический,793
язык,Автореф,канд,дисс,791
английский,язык,стилистика,декодирование,790
жанр,речь,саратов,Изд,786
современный,английский,язык,стилистика,783
когнитивный,анализ,предметный,имя,782
немецкий,язык,автореф,дис,782
международный,научный,конференция,язык,780
русский,язык,энциклопедия,Гл,774
английский,язык,текст,дис,774
немецкий,язык,Автореф,дисс,771
стратегия,понимание,связный,текст,769
язык,энциклопедия,Гл,ред,764
экспрессивный,лексика,разговорный,употребление,764
текст,дисс,канд,филол,764
культурный,концепт,волгоград,архангельск,761
язык,логический,анализ,язык,758
развитие,лексика,современный,русский,758
Семантико,синтаксический,организация,предложение,758
вопрос,синтаксис,русский,язык,757
язык,сб,науч,тр,757
язык,Межвуз,сб,науч,755
теоретический,грамматика,современный,английский,754
национальный,языковой,картина,мир,753
английский,язык,учеба,пособие,753
жанр,речь,сборник,научный,752
славянский,языкознание,международный,съезд,751
языкознание,международный,съезд,славист,749
развитие,словарный,состав,русский,748
московский,университет,серия,филология,748
современный,русский,язык,учебный,745
словообразование,современный,русский,язык,743
речевой,жанр,жанр,речь,741
норма,русский,литературный,язык,739
аспект,Дис,канд,филол,738
состав,русский,литературный,язык,737
русский,литературный,язык,конец,737
вопрос,теория,речевой,воздействие,735
русский,язык,текст,автореф,734
словообразовательный,система,русский,язык,731
жанр,речь,саратов,колледж,724
языковой,единица,доклад,международный,721
толковый,словарь,иноязычный,слово,720
принцип,типологический,анализ,язык,717
краткий,этимологический,словарь,русский,715
трехмерный,пространство,язык,семиотический,715
значение,слово,вопрос,языкознание,715
новый,большой,англо,русский,713
пространство,язык,семиотический,проблема,713
разный,уровень,грамматический,строй,713
анализ,язык,различный,строй,710
лексический,система,русский,язык,709
воронеж,воронежский,государственный,университет,709
лингвокультурные,концепт,прецедентный,текст,708
семиотический,проблема,лингвистика,философия,708
основа,общий,теория,перевод,706
символ,лингвокультурные,концепт,прецедентный,706
типологический,анализ,язык,различный,705
язык,семиотический,проблема,лингвистика,703
логический,анализ,язык,проблема,702
язык,урало,алтайский,исследование,702
альтернативный,мир,дискурс,факт,702
единица,разный,уровень,грамматический,702
функциональный,стиль,современный,русский,701
язык,Автореф,канд,филол,701
вопрос,семантика,фразеологический,единица,698
словарный,состав,русский,язык,696
развитие,русский,литературный,язык,695
проблема,когнитивный,лингвистика,научный,695
вопрос,теория,часть,речь,690
анализ,предметный,имя,семантика,689
индивидуально,авторский,картина,мир,689
новый,словарь,русский,язык,689
личность,концепт,дискурс,волгоград,688
когнитивный,лингвистика,научный,издание,688
английский,языковой,картина,мир,683
современный,словарь,иностранный,слово,683
изучение,современный,русский,язык,682
жанр,речь,сб,науч,682
речевой,практика,масса,медиа,681
тендер,язык,культура,коммуникация,681
проблема,языковой,картина,мир,680
труд,институт,лингвистический,исследование,679
личность,культурный,концепт,Сб,679
Шахматов,синтаксис,русский,язык,672
изучение,иберийский,кавказский,язык,671
язык,дисс,канд,филол,668
язык,сборник,научный,труд,667
общий,терминология,вопрос,теория,659
системный,описание,вопрос,языкознание,659
функциональный,тип,лексический,значение,657
русский,язык,ученый,записка,656
сопоставительный,анализ,фразеологический,единица,655
институт,русский,язык,ран,655
русский,терминология,опыт,лингвистический,655
проблема,функциональный,тип,лексический,655
исследование,языковой,картина,мир,654
обучение,русский,язык,иностранец,654
академический,словарь,русский,язык,653
словарный,состав,русский,литературный,652
анализ,язык,проблема,интенсиональный,652
современный,толковый,словарь,русский,651
грамматика,русский,литературный,язык,650
вопрос,романо,германский,филология,650
уровень,грамматический,строй,язык,650
современный,английский,язык,дис,648
объект,лингвистический,исследование,текст,644
язык,автореф,дисс,канд,644
словарь,тюркский,язык,общетюркский,643
логический,анализ,язык,противоречивость,641
дискурс,дис,канд,филол,639
функциональный,грамматика,введение,Аспектуальность,639
аспект,изучение,современный,русский,638
словарь,ассоциативный,норма,русский,637
ассоциативный,норма,русский,язык,635
стилистический,использование,языковый,единица,635
референциальный,аспект,семантика,местоимение,633
опыт,общий,теория,лексикография,631
закономерность,стилистический,использование,языковый,631
действительность,референциальный,аспект,семантика,630
основа,фразеология,русский,язык,630
личностный,аспект,языковой,общение,630
современный,проблема,русский,терминология,629
дискурс,автореф,дис,канд,629
терминология,опыт,лингвистический,описание,627
фразеологический,единица,русский,язык,624
частный,лингвистический,теория,текст,624
практический,стилистика,русский,язык,622
сознание,носитель,русский,язык,621
современный,русский,язык,учебник,621
разновидность,городской,устный,речь,620
социолингвистический,аспект,изучение,современный,620
интерпретировать,подход,вопрос,языкознание,619
материал,английский,язык,текст,617
троякий,аспект,языковой,явление,616
номинация,языковой,номинация,общий,615
частотный,словарь,русский,язык,612
лингвистический,энциклопедический,словарь,текст,610
построение,научно,технический,терминология,609
словарь,русский,ономастический,терминология,608
лингвистика,текст,текст,структура,608
русский,литературный,язык,первый,607
направление,современный,американский,лингвистика,607
язык,языковой,личность,культурный,607
сочетаемость,слово,русский,язык,606
словарь,древнерусский,язык,вв,603
культурный,концепт,Сб,науч,603
грамматика,введение,Аспектуальность,временный,602
язык,проблема,структурный,лингвистика,601
фундаментальный,направление,современный,американский,599
полный,собрание,русский,летопись,597
словарь,русский,язык,толково,597
текст,автореф,дис,докт,595
русский,славянский,языкознание,воронеж,592
жанр,жанр,речь,саратов,590
арутюнов,логический,анализ,язык,590
метафорический,зеркало,когнитивный,исследование,588
синтаксис,современный,английский,язык,588
основной,тип,фразеологический,единица,587
когнитивный,исследование,политический,метафора,587
речь,Дис,канд,филол,587
русский,английский,фразеологический,словарь,585
русский,разговорный,речь,общий,584
извлекать,метод,сплошной,выборка,584
функционально,смысловой,тип,речь,584
структура,значение,слово,воронеж,583
зеркало,когнитивный,исследование,политический,583
фразеологический,семантика,язык,воронеж,583
методика,обучение,иностранный,язык,583
проблема,язык,наука,терминология,582
ключевой,идея,русский,языковой,582
разговорный,речь,общий,вопрос,582
идея,русский,языковой,картина,581
курс,современный,русский,язык,581
стиль,современный,русский,язык,581
восприятие,когнитивный,аспект,языковой,576
общий,вопрос,словообразование,синтаксис,575
речь,общий,вопрос,словообразование,574
культура,русский,речь,энциклопедический,574
русский,языковый,картина,мир,573
мир,человек,текст,семиосфера,573
русский,язык,сегодня,Вып,573
языковой,ментальность,способ,представление,573
основной,проблема,лексический,семантика,571
современный,английский,язык,Дисс,571
язык,Изв,ан,ссср,570
словарь,сочетаемость,слово,русский,570
различие,строение,человеческий,язык,569
человек,текст,семиосфера,история,569
русский,речь,энциклопедический,словарь,569
проблема,отраслевой,лексика,дагестанский,569
речь,энциклопедический,словарь,справочник,567
национальный,вариант,испанский,язык,567
строй,современный,русский,язык,563
британский,вариант,английский,язык,561
русский,язык,Уч,зап,561
бас,словарь,современный,русский,560
московский,государственный,лингвистический,университет,560
словарь,русский,язык,Сост,558
личность,концепт,дискурс,текст,557
общий,курс,русский,грамматика,556
русский,разговорный,речь,фонетика,556
концепт,Сб,науч,тр,554
словарь,современный,английский,язык,553
лексика,современный,английский,язык,553
структура,лексико,семантический,поле,551
текст,Межвуз,сб,науч,551
современный,русский,язык,Дисс,550
разговорный,речь,фонетика,морфология,550
лингвистика,текст,современный,состояние,547
семиотический,проблема,язык,наука,546
семантический,структура,слово,психолингвистический,545
славянский,древность,этнолингвистический,словарь,544
текст,основа,лингвистический,теория,543
опыт,словарь,тюркский,наречие,542
функционально,прагматический,концепция,текст,542
концепт,дискурс,волгоград,перемена,541
семантический,класс,русский,глагол,540
структура,слово,психолингвистический,исследование,539
язык,текст,учеба,пособие,539
художественный,текст,основа,лингвистический,539
термин,лингвистический,проблема,научно,537
предложение,Автореф,дис,канд,537
русский,язык,толково,словообразовательный,535
изучение,функциональный,сторона,язык,535
межкультурный,коммуникация,учеба,пособие,535
английский,язык,учебный,пособие,534
английский,язык,Автореф,канд,534
современный,русский,язык,автореферат,533
система,язык,воронеж,Изд,532
речь,фонетика,морфология,лексика,530
фразеология,современный,немецкий,язык,526
текст,материал,научный,конференция,524
арутюнов,лингвистический,энциклопедический,словарь,523
текст,сб,науч,тр,523
фонетика,морфология,лексика,жест,523
проблема,изучение,функциональный,сторона,522
большой,немецко,русский,словарь,522
проблема,системный,описание,синтаксис,522
казахский,язык,алма,ата,521
опыт,теория,лингвистический,модель,521
русский,языковый,модель,мир,521
современный,турецкий,литературный,язык,520
текст,Дисс,канд,филол,520
фразеологический,единица,современный,русский,518
кн,проблема,структурный,лингвистика,517
система,современный,английский,язык,515
исторический,морфология,русский,язык,513
язык,известие,ан,ссср,511
теория,лингвистический,модель,смысл,511
единица,современный,русский,язык,511
русский,политический,метафора,материал,511
язык,автореферат,дисс,канд,510
вопрос,психолингвистика,вопрос,психолингвистика,510
дискурс,речь,речевой,деятельность,510
русский,язык,актуальный,проблема,510
Уфимцева,лексический,значение,принцип,510
компонент,семантический,структура,высказывание,508
немецкий,язык,дис,канд,508
современный,русский,язык,дис,508
волгоградский,государственный,педагогический,университет,507
функциональный,тип,русский,речь,506
морфология,современный,английский,язык,506
исследование,семантика,русский,глагол,505
семинар,филологический,факультет,мгу,505
словарь,русский,личный,имя,504
лингвистический,модель,смысл,текст,504
фразеологический,синоним,русский,язык,504
художественный,текст,Автореф,дис,504
современный,русский,художественный,литература,503
конец,век,языковой,изменение,503
экспериментальный,исследование,семантика,русский,502
стилистика,современный,русский,язык,502
словарь,фразеологический,синоним,русский,500
лингвистика,текст,материал,научный,500
язык,конец,век,языковой,500
фонетика,современный,русский,язык,499
материал,язык,различный,тип,499
русский,фразеология,историко,этимологический,499
современный,русский,язык,теория,499
основной,понятие,русский,фразеология,497
научно,практический,конференция,язык,497
современный,русский,язык,опыт,497
русский,язык,Автореф,канд,497
теория,язык,репрезентативный,функция,496
получать,метод,сплошной,выборка,495
современный,английский,язык,учеба,495
грамматика,русский,язык,текст,494
лексика,дагестанский,язык,название,494
немецкий,языковой,картина,мир,493
Лексико,семантический,группа,глагол,493
когнитивный,лингвистика,воронеж,Изд,492
го,лицо,единственный,число,490
дискурсивный,слово,русский,язык,489
иркутский,государственный,лингвистический,университет,488
лексика,разговорный,употребление,проблема,488
современный,башкирский,литературный,язык,487
грамматический,словарь,русский,язык,487
язык,синтаксис,простой,предложение,487
логический,анализ,язык,истина,486
семантический,группа,русский,глагол,486
синтаксический,словарь,репертуар,элементарный,486
дискурс,Сб,науч,тр,485
семантический,система,язык,воронеж,485
материал,исследование,послужить,текст,484
государственный,университет,серия,филология,484
карачаево,балкарский,язык,нальчик,483
современный,русский,язык,фонетика,483
репертуар,элементарный,единица,русский,481
русский,язык,Отв,ред,480
предложение,современный,русский,язык,479
лексический,средство,обозначение,эмоция,479
лексикология,лексикография,культура,речь,478
русский,язык,новый,период,477
текст,межвузовский,сборник,научный,477
язык,репрезентативный,функция,язык,477
разговорный,употребление,проблема,семантика,476
современный,английский,язык,учебник,476
логический,анализ,язык,знание,476
психолингвистический,аспект,изучение,текст,475
ситуация,проблема,структурный,лингвистика,475
состав,современный,английский,язык,475
словарь,репертуар,элементарный,единица,475
аспектологического,семинар,филологический,факультет,475
язык,Автореф,канд,дис,475
курс,русский,литературный,язык,474
стиль,современный,русский,литературный,474
русский,язык,порядок,слово,473
литературный,язык,первый,половина,473
язык,сознание,коммуникация,Сб,472
слово,Автореф,дис,канд,472
русский,язык,русский,словесность,471
русский,речь,русский,речь,469
словарь,славянский,язык,праславянский,468
современный,таджикский,литературный,язык,468
язык,межвузовский,сборник,научный,468
практика,преподавание,английский,язык,467
логический,анализ,естественный,язык,467
русский,язык,текст,дис,466
элементарный,единица,русский,синтаксис,466
аспект,Сб,науч,тр,464
основной,вопрос,синтаксис,предложение,463
понятие,языковой,картина,мир,463
языковой,процесс,современный,русский,463
терминология,Автореф,дис,канд,462
структурный,схема,простой,предложение,461
лексикология,современный,немецкий,язык,461
немецкий,язык,Дисс,канд,461
когнитивный,наука,вопрос,языкознание,461
язык,Автореф,Дис,канд,459
метод,сопоставительный,изучение,язык,458
виртуальность,человек,сознание,коммуникация,458
исторический,синтаксис,русский,язык,457
Концептосфера,русский,язык,русский,456
социокультурный,стереотип,речевой,общение,456
бурятский,язык,улан,удэ,456
лингвистика,текст,материал,науч,456
лингвистика,Вып,лингвистический,семантика,456
язык,сознание,коммуникация,Вып,455
национальный,социокультурный,стереотип,речевой,454
речь,сб,науч,ст,454
язык,предмет,исследование,являться,453
дискурс,лингвистический,энциклопедический,словарь,453
славянский,язык,праславянский,лексический,452
язык,праславянский,лексический,фонд,451
ежегодник,иберийский,кавказский,языкознание,450
слово,аспект,семантический,исследование,449
сравнительный,морфология,тюркский,язык,449
русский,язык,Гл,ред,448
современный,русский,язык,порядок,448
материал,английский,язык,Дис,448
компонентный,анализ,многозначный,слово,448
значение,аспект,семантический,исследование,448
актуальный,проблема,культура,речь,447
словарь,русский,язык,спб,446
психология,когнитивный,наука,вопрос,446
концепт,методологический,проблема,когнитивный,446
русский,семантический,словарь,толковый,445
вестник,воронежский,государственный,университет,445
норма,современный,русский,литературный,444
словарь,когнитивный,термин,текст,444
преподавание,русский,язык,иностранец,444
лексический,значение,аспект,семантический,444
функционирование,грамматический,категория,текст,444
семантический,словарь,толковый,словарь,443
предложение,современный,английский,язык,443
тип,лексический,значение,аспект,443
русский,язык,советский,эпоха,442
толковый,словарь,русский,глагол,441
сравнительный,словарь,мифологический,символика,441
лексический,значение,слово,структура,440
язык,человек,картина,мир,440
русский,разговорный,речь,лингвистический,440
язык,семантический,тип,предикат,440
современный,русский,язык,морфология,439
аспект,текст,автореф,дис,439
методика,исследование,структура,концепт,439
словарный,состав,современный,английский,438
русский,язык,синтаксис,простой,438
бюллетень,уральский,лингвистический,общество,437
зарубежный,лингвистика,когнитивный,аспект,437
разговорный,речь,лингвистический,анализ,437
национальный,вариант,английский,язык,437
тюркский,язык,советский,тюркология,436
пространство,логический,анализ,язык,436
русский,язык,функционирование,грамматический,436
русский,литературный,язык,новый,435
языковой,личность,проблема,коммуникативный,435
язык,функционирование,грамматический,категория,435
зарубежный,лингвистика,лингвистический,прагматика,434
лингвистика,когнитивный,аспект,язык,434
институт,языкознание,ран,москва,433
язык,Автореф,дисс,докт,433
личность,проблема,коммуникативный,деятельность,433
процесс,современный,русский,художественный,433
современный,русский,язык,социальный,432
словарь,толковый,словарь,систематизировать,431
язык,познание,коммуникация,текст,431
грамматика,современный,турецкий,литературный,430
СРЯ,словарь,русский,язык,430
лингвистика,бюллетень,уральский,лингвистический,429
имя,предикат,предложение,Семиологическая,429
проблема,речевой,коммуникация,саратов,428
лексико,грамматический,средство,выражение,427
развитие,словообразование,современный,русский,427
текст,материал,науч,конф,427
сокровенный,смысл,слово,текст,426
Лакофф,Дж,лингвистический,гештальты,426
язык,первый,половина,век,425
смысл,слово,текст,культура,425
речь,современный,английский,язык,425
язык,культура,познание,текст,425
язык,пространство,Отв,ред,425
русский,разговорный,речь,текст,425
русский,язык,семантический,тип,425
русский,язык,Межвуз,сб,425
большой,словарь,русский,жаргон,424
аспект,изучение,лексический,материал,424
описание,разговорный,речь,горький,424
язык,Сб,науч,труд,423
человек,текст,культура,екатеринбург,423
предикат,предложение,Семиологическая,грамматика,422
язык,язык,динамический,мир,421
устойчивый,сравнение,русский,язык,421
теория,перевод,статус,проблема,421
когнитивный,лингвистика,учебный,пособие,421
понимание,связный,текст,новое,421
литературный,язык,Автореф,дисс,420
картина,мир,сквозь,призма,420
картина,мир,Отв,ред,420
семантический,поле,вопрос,языкознание,420
перевод,статус,проблема,аспект,419
язык,язык,пространство,Отв,419
метод,современный,структурный,лингвистика,419
проблема,исследование,языковой,картина,418
анализ,язык,язык,динамический,418
русский,язык,теория,анализ,418
иберийский,кавказский,языкознание,тбилиси,417
опыт,областной,великорусский,словарь,416
теоретический,грамматика,немецкий,язык,416
проблема,экспрессивный,стилистика,ростов,416
языковой,картина,мир,русский,414
поиск,прагматика,проблема,субъект,414
русский,предложение,бытийный,тип,413
жанр,речь,Вып,саратов,412
теория,литература,поэтика,стилистика,411
поэтический,энергия,слово,синергетика,410
грамматика,современный,узбекский,литературный,409
современный,немецкий,язык,автореф,409
дискурсивный,мышление,языковой,личность,409
слово,синергетика,язык,сознание,409
язык,Дис,докт,филол,408
когнитивный,исследование,язык,Вып,408
Лексико,семантический,группа,русский,408
энергия,слово,синергетика,язык,407
зарубежный,лингвистика,лингвистика,текст,407
словообразование,современный,немецкий,язык,407
семантический,структура,фразеологический,единица,407
язык,теория,анализ,языковой,406
словарь,русский,язык,ока,406
исследование,фразеологический,состав,язык,406
словообразование,современный,английский,язык,405
сознание,коммуникация,Сб,статья,405
грамматический,описание,славянский,язык,405
отбирать,метод,сплошной,выборка,405
лингвистика,теория,речевой,акт,405
вид,языковой,номинация,вид,404
кн,актуальный,проблема,лексикология,404
труд,аспектологического,семинар,филологический,404
проблема,семантический,синтагматика,проблема,404
наука,институт,русский,язык,403
лексика,современный,русский,литературный,402
типология,вид,проблема,поиск,402
литературный,язык,автореф,дис,402
система,форма,речевой,высказывание,402
синтагматика,проблема,структурный,лингвистика,402
вопрос,стилистика,Вып,саратов,402
язык,электронный,ресурс,режим,401
теория,анализ,языковой,единица,401
орфографический,словарь,русский,язык,400
текст,сборник,научный,труд,400
картина,мир,вопрос,языкознание,399
теория,язык,англистика,кельтология,397
семантика,языковой,единица,разный,397
лексический,структура,художественный,текст,396
языковой,личность,проблема,лингвокультурологии,396
стиль,русский,литературный,язык,395
вопрос,культура,речь,Вып,395
дискурс,языковой,личность,институциональный,395
анализ,значимый,единица,язык,395
семантический,синтагматика,проблема,структурный,395
теория,функциональный,грамматика,качественность,394
русский,язык,автореферат,дис,394
язык,культура,познание,пер,394
семантический,анализ,фразеологический,единица,394
проблема,теория,грамматический,залог,394
лингвистический,исследование,структура,текст,393
аспект,языковой,общение,калинин,393
дискурс,Автореф,дис,канд,393
академия,наука,азербайджанский,ССР,392
русский,язык,составлять,второй,392
кафедра,современный,русский,язык,392
академия,наука,институт,русский,391
теория,функциональный,грамматика,Локативность,390
текст,межвуз,сб,науч,390
косвенный,речевой,акт,новое,390
лексика,современный,немецкий,язык,390
образный,выражение,русский,язык,390
современный,русский,язык,АКД,390
язык,русский,язык,исторический,389
словарь,русский,язык,Гл,388
изучение,языковой,картина,мир,388
естественный,письменный,русский,речь,388
речь,Автореф,дисс,канд,388
теория,функциональный,грамматика,Персональность,387
описание,лексико,семантический,система,386
прикладной,проблема,речевой,общение,386
французский,язык,Дис,канд,386
речь,речевой,деятельность,функциональный,385
лингвистический,основа,балканский,модель,384
новый,англо,русский,словарь,384
проблема,функциональный,синтаксис,современный,384
лексикон,человек,психолингвистический,исследование,384
Уфимцева,тип,словесный,знак,384
языковой,картина,мир,вопрос,383
язык,апробация,работа,основной,383
опыт,парадигмального,анализ,язык,383
русистика,лингвистический,парадигма,конец,383
язык,проблема,отраслевой,лексика,382
функциональный,синтаксис,современный,английский,381
анализ,единица,лексический,уровень,381
леонтьев,язык,речь,речевой,381
проза,Автореф,дис,канд,381
метод,синхронный,анализ,лексика,380
русский,язык,учить,зап,380
текст,текст,автореф,дис,379
современный,проблема,кавказский,языкознание,379
СРНГ,словарь,русский,народный,378
синтаксис,русский,язык,текст,378
автореферат,диссертация,кандидат,филологический,378
словарь,образный,выражение,русский,378
метод,анализ,словарный,дефиниция,377
семантика,Сб,науч,тр,377
семантика,художественный,текст,доклад,376
дискурс,сб,науч,тр,376
материал,американский,вариант,английский,376
сравнительный,изучение,иберийский,кавказский,376
трансформационный,грамматика,русский,язык,375
языковой,сознание,носитель,русский,375
заседание,кафедра,английский,филология,375
синтаксис,современный,русский,литературный,374
челябинский,государственный,университет,филология,374
стилистика,русский,язык,текст,374
немецкий,разговорный,речь,синтаксис,374
вариант,теория,речевой,деятельность,374
зарубежный,лингвистика,теория,речевой,373
вопрос,когнитивный,лингвистика,тамбов,373
современный,английский,язык,автореферат,373
корнилов,языковой,картина,мир,373
значение,слово,воронеж,Изд,373
современный,русский,язык,исследование,372
современный,социолингвистика,теория,проблема,372
социолингвистика,теория,проблема,метод,372
основа,финно,угорский,языкознание,371
тезаурус,современный,русский,язык,371
ФЭС,философский,энциклопедический,словарь,371
язык,заключение,ДИССЕРТАЦИИпо,тема,371
ан,ссср,институт,языкознание,370
современный,американский,лингвистика,фундаментальный,370
текст,электронный,ресурс,режим,370
исторический,корень,волшебный,сказка,370
комплексный,анализ,единица,лексический,370
коммуникативный,перспектива,высказывание,определенность,369
дис,кандидат,филологический,наука,369
смысл,логико,семантический,проблема,369
анализ,язык,семантика,начало,369
смысловой,структура,сложный,предложение,369
городской,просторечие,проблема,изучение,368
логический,анализ,язык,семантика,368
словарь,лингвистический,термин,Изд,368
новый,словарь,иностранный,слово,367
государственный,университет,филология,искусствоведение,367
речевой,жанр,повседневный,коммуникация,367
современный,русский,язык,Сб,367
Лексико,семантический,группа,слово,367
современный,русский,язык,теоретический,367
современный,русский,язык,филологический,366
функциональный,анализ,языковой,единица,366
литературный,язык,конец,начало,366
синонимика,современный,русский,литературный,365
американский,лингвистика,фундаментальный,направление,365
бондарко,принцип,функциональный,грамматика,365
структура,простой,предложение,современный,364
язык,конец,начало,век,364
антология,речевой,жанр,повседневный,364
современный,русский,народный,говор,364
русский,литературный,язык,вопрос,363
теория,семантический,поле,вопрос,363
аспект,Автореф,дисс,канд,362
мир,сквозь,призма,словообразование,362
общеславянский,лингвистический,атлас,материал,361
речь,автореф,дис,канд,361
итог,обсуждение,вопрос,стилистика,361
Лингвокультурные,концепт,прецедентный,текст,361
актуальный,проблема,учебный,лексикография,361
анализ,художественный,текст,теория,361
Лексико,семантический,поле,глагол,361
язык,составлять,второй,отделение,360
материал,английский,язык,автореф,360
теория,перевод,лингвистический,аспект,359
русский,язык,ока,слово,359
современный,немецкий,язык,Дисс,359
русский,литературный,язык,начало,358
лексический,значение,слово,вопрос,358
речь,саратов,колледж,Вып,358
русский,язык,вв,Вып,357
актуальный,проблема,лексикология,новосибирск,357
текст,дис,докт,филол,357
очерк,современный,русский,литературный,356
грамматика,русский,язык,морфология,356
принцип,описание,язык,мир,356
русский,язык,теоретический,курс,356
карасик,языковой,личность,культурный,356
строй,современный,английский,язык,356
индоевропейский,язык,образ,мир,356
функциональный,грамматика,Локативность,бытийность,355
лексический,значение,производный,слово,355
русский,литературный,язык,русский,354
средство,выражение,модальный,значение,354
ассоциативный,тезаурус,современный,русский,354
языковый,картина,мир,сквозь,354
коммуникация,Сб,науч,тр,354
язык,коренной,народ,сибирь,353
слово,разный,часть,речь,353
жанр,речь,Сб,науч,353
язык,синтаксис,сложный,предложение,352
тюркский,язык,южный,сибирь,352
немецко,русский,фразеологический,словарь,351
глагол,Автореф,дис,канд,350
словарь,русский,фразеология,историко,349
большой,академический,словарь,русский,349
язык,объект,исследование,являться,349
носитель,элитарный,речевой,культура,349
текст,лингвистика,текст,материал,348
современный,русский,язык,языковой,348
лингвистический,парадигма,конец,век,348
амосов,основа,английский,фразеология,348
научно,технический,терминология,Вып,347
асимметричный,дуализм,лингвистический,знак,347
психолингвистический,исследование,слово,текст,347
современный,русский,язык,Уч,347
современный,русский,язык,саратов,347
мир,языковой,картина,мир,346
картотека,словарь,русский,язык,346
категория,современный,русский,язык,346
лексика,русский,народный,говор,345
проблема,речевой,коммуникация,Межвуз,345
ДИССЕРТАЦИИпо,тема,романский,язык,345
гендер,язык,культура,коммуникация,344
бондарко,теория,функциональный,грамматика,344
актуальный,проблема,русский,синтаксис,344
когнитивный,лингвистика,учеба,пособие,343
типология,лингвистический,номинация,языковой,343
язык,киев,Вища,школа,343
экспрессивный,оценочный,функция,метафора,343
азербайджанский,язык,Автореф,дис,343
французский,язык,автореф,дис,342
языковой,картина,мир,обиходный,342
грамматика,французский,язык,синтаксис,342
фактор,адресат,Изв,ан,342
словообразование,актуальный,проблема,русский,342
язык,культура,коммуникация,материал,341
речевой,коммуникация,Межвуз,сб,341
система,функциональный,стиль,современный,341
ссср,институт,русский,язык,340
материал,русский,язык,текст,340
языкознание,метод,лингвистический,исследование,339
разговорный,речь,Автореф,дис,339
языковой,картина,мир,аналогия,339
адресат,Изв,ан,ссср,339
член,лексический,система,язык,339
текст,Сб,науч,труд,339
английский,язык,иностранный,язык,338
актуальный,проблема,когнитивный,лингвистика,338
язык,материал,исследование,послужить,338
коммуникация,Межвуз,сб,науч,338
лингвистический,номинация,языковой,номинация,338
большой,энциклопедический,словарь,гл,338
казахский,язык,Автореф,дис,338
русский,язык,русский,речь,337
фонетика,фонология,ударение,интонация,337
картина,мир,обиходный,представление,337
общий,языкознание,метод,лингвистический,336
немецкий,язык,текст,автореф,336
развитие,лексика,тюркский,язык,335
монгольский,язык,улан,удэ,335
культура,логический,анализ,язык,335
фразеологизм,современный,русский,язык,335
литературный,язык,второй,половина,334
теория,функциональный,грамматика,Субъектность,334
англо,русский,синонимический,словарь,334
вопрос,описание,лексико,семантический,334
язык,актуальный,проблема,русский,334
грамматика,русский,язык,синтаксис,333
способ,передача,чужой,речь,333
единица,словообразовательный,система,русский,333
семантический,поле,глагол,отношение,333
институт,языкознание,академия,наука,332
фразеология,историко,этимологический,справочник,332
русский,говор,средний,урал,332
функциональный,грамматика,Персональность,Залоговость,332
русский,язык,грамматический,исследование,332
современный,русский,язык,слово,331
словарь,русский,глагол,идеографический,331
концептуальный,пространство,когнитивный,лингвистика,331
кунин,курс,фразеология,современный,331
труд,институт,языкознание,ан,330
этимологический,словарь,чувашский,язык,330
воронеж,воронежский,гос,уна,330
язык,познание,коммуникация,пер,330
синтаксический,стилистика,сложный,синтаксический,330
стилистика,сложный,синтаксический,целое,330
язык,второй,половина,век,329
научно,практический,конференция,русский,329
теория,коммуникация,курс,лекция,329
русский,язык,начало,век,329
бондарко,теория,морфологический,категория,329
литературный,язык,новый,время,328
функционально,семантический,поле,модальность,328
актуальный,проблема,современный,языкознание,328
русский,глагол,идеографический,описание,328
исследование,методологический,проблема,когнитивный,328
межкультурный,коммуникация,учебный,пособие,328
прагматический,концепция,текст,ростов,328
современный,русский,язык,проблема,328
сравнительный,изучение,индоевропейский,язык,327
языковой,личность,аспект,лингвистика,327
психолингвистический,аспект,художественный,текст,326
литературный,язык,Дис,канд,326
морфологический,категория,современный,русский,326
татарский,язык,Автореф,дис,325
аспект,языковой,категоризации,иркутск,324
персональный,дискурс,Сб,науч,324
проблема,исследование,фразеологический,состав,324
семантика,оценка,экспрессивность,модальность,324
кн,актуальный,проблема,русский,324
судьба,русский,литературный,язык,323
язык,проблема,функциональный,грамматика,323
текст,Изв,ан,ссср,323
множественный,число,имя,существительное,323
современный,карачаево,балкарский,язык,322
вопрос,теория,речевой,жанр,322
прагматический,основа,интерпретация,высказывание,322
синтаксис,современный,итальянский,язык,322
краткий,очерк,история,русский,321
происходить,отражение,картина,мир,321
карасик,языковой,личность,институциональный,321
прагматический,аспект,единица,общение,321
современный,русский,язык,ученый,321
очерк,синтаксис,современный,итальянский,321
русский,язык,проблема,грамматический,321
грамматика,современный,башкирский,литературный,320
оценка,событие,факт,текст,320
основание,теория,знак,семиотика,320
семантика,слово,аспект,семантический,320
простой,предложение,современный,английский,319
словарь,русский,язык,Изд,319
русский,язык,Сб,статья,319
коммуникативный,прагматический,аспект,единица,319
семантика,язык,воронеж,Изд,319
функциональный,семантика,оценка,экспрессивность,319
русский,народный,говор,Вып,318
изучение,словарный,состав,язык,318
русский,язык,избранный,труд,317
разный,уровень,языковой,система,317
время,материал,научный,конференция,317
концепт,волгоград,архангельск,перемена,317
введение,логический,анализ,язык,317
словарь,иностранный,слово,входить,316
предложение,теоретический,проблема,синтаксис,316
орфоэпический,словарь,русский,язык,316
научно,технический,терминология,вопрос,316
этнокультурный,специфика,речевой,деятельность,316
методика,изучение,русский,язык,316
проблема,русский,словообразование,самарканд,316
диалектологический,атлас,русский,язык,315
русский,язык,синтаксис,сложный,315
английский,язык,автореферат,дис,315
диссертация,доктор,филологический,наука,315
методологический,проблема,исследование,фразеологический,315
иберийский,кавказский,язык,черкесск,315
произведение,устный,народный,творчество,314
учебный,словарь,русский,язык,314
картина,мир,русский,язык,314
БЭС,большой,энциклопедический,словарь,314
лингвистический,семантика,учебный,пособие,314
семантика,синтаксический,единица,калинин,314
русский,язык,основа,теория,314
узбекский,язык,Автореф,дис,314
го,лицо,множественный,число,313
русский,язык,текст,учеба,313
значимый,единица,русский,язык,313
грамматика,современный,русский,язык,312
русский,язык,предмет,исследование,312
язык,сознание,коммуникация,сб,312
эстетика,словесный,творчество,текст,312
русский,речевой,этикет,лингвистический,312
основа,теория,устойчивый,фраза,312
исследователь,русский,язык,труд,312
Сб,научно,аналитический,обзор,312
вестник,волгоградский,государственный,университет,311
коммуникативный,смысловой,параметр,грамматика,311
нерешенный,вопрос,теория,речевой,311
язык,экспериментально,фонетический,исследование,310
русский,языковой,сознание,опыт,310
речь,речевой,деятельность,текст,310
значение,знание,очерк,когнитивный,309
очерк,когнитивный,философия,язык,309
болдырев,когнитивный,семантика,курс,309
Пятигорского,государственный,лингвистический,университет,308
Концептосфера,русский,язык,известие,308
краткий,словарь,лингвистический,термин,307
русский,язык,языковой,изменение,307
дагестанский,государственный,педагогический,университет,307
современный,английский,язык,теоретический,307
словарь,омоним,русский,язык,307
лексика,Автореф,дис,канд,307
словарь,русский,политический,метафора,306
активный,процесс,современный,словопроизводство,306
вопрос,стилистика,саратов,Вып,306
человек,логический,анализ,язык,306
сера,история,языкознание,литературоведение,306
современный,английский,язык,вопрос,306
анализ,значимый,единица,русский,306
типология,пассивный,конструкция,диатез,305
знание,очерк,когнитивный,философия,305
проблема,эффективность,речевой,коммуникация,305
функциональный,тип,языковой,метафора,305
фразеология,современный,французский,язык,305
лукьянов,экспрессивный,лексика,разговорный,305
фонология,ударение,интонация,словообразование,304
современный,русский,разговорный,речь,304
русский,язык,вопрос,синтаксис,304
ударение,интонация,словообразование,морфология,303
исследователь,русский,язык,русский,303
словарь,русский,язык,электронный,303
Концептосфера,русский,язык,текст,303
чужой,опыт,русский,фразеология,302
общий,теория,перевод,лингвистический,302
вопрос,романо,германский,языкознание,302
английский,язык,теоретический,курс,302
языковой,картина,мир,Автореф,302
представление,мир,вопрос,языкознание,302
исторический,развитие,лексика,тюркский,301
лексический,состав,русский,язык,301
семантический,структура,язык,новое,301
язык,динамический,мир,дубно,301
дискурс,проблема,экономический,дискурс,301
речь,Сб,науч,тр,301
видо,временный,форма,глагол,300
избранный,труд,поэтика,семиотика,300
прикладной,аспект,речевой,общение,299
семантический,основа,образный,средство,299
русский,рок,поэзия,текст,299
язык,проблема,грамматический,семантика,299
слово,проблема,тождество,слово,298
морфология,современный,русский,язык,298
большой,фразеологический,словарь,русский,298
язык,практический,значимость,работа,298
лексический,номинация,первичный,нейтральный,298
логический,анализ,язык,избранный,298
литературный,язык,русский,язык,298
курс,лингвистический,семантика,спб,297
современный,русский,язык,основа,297
язык,основа,теория,устойчивый,297
язык,миф,культура,символ,297
дагестанский,язык,название,животное,297
изучение,словообразование,славянский,язык,296
язык,теоретический,значимость,работа,295
функциональный,грамматика,качественность,Количественность,295
вопрос,психолингвистика,трибуна,молодой,295
психолингвистика,трибуна,молодой,ученый,295
терминология,современный,проблема,русский,295
словарь,текст,гл,ред,295
справочник,лингвистический,термин,пособие,295
когнитивный,информационный,природа,термин,295
теория,функционально,коммуникативный,синтаксис,294
виноградов,избранный,труд,лексикология,294
словарь,индоевропейский,социальный,термин,294
язык,авто,реф,дис,294
русский,старожильческий,говор,средний,293
русский,язык,культура,речь,293
проблема,лексический,семантика,новое,293
грамматика,тюркский,язык,морфология,292
анализ,поэтический,текст,структура,292
языковой,сознание,носитель,язык,292
теория,коммуникация,языковой,сознание,292
язык,ан,ссср,ин,292
лингвистический,семантика,учеба,пособие,292
прогресс,Вып,теория,речевой,292
язык,современный,проблема,кавказский,292
синтаксический,конструкция,современный,русский,292
актуальный,проблема,межкультурный,коммуникация,291
категория,время,время,грамматический,291
прогресс,Вып,лингвистический,прагматика,291
язык,научный,новизна,исследование,291
поэтический,текст,структура,стих,290
русский,народный,лирический,песня,290
язык,электронный,ресурс,дата,290
университет,филология,искусствоведение,Вып,290
болдырев,вопрос,когнитивный,лингвистика,290
английский,язык,деловой,общение,290
концепт,культура,образ,понятие,290
контекст,современный,общественный,жизнь,290
аваро,андо,цезских,язык,290
употребление,проблема,семантика,новосибирск,290
лексический,система,современный,русский,289
труд,отдел,древнерусский,литература,289
сравнительный,грамматика,германский,язык,289
развитие,функциональный,стиль,современный,289
русский,язык,Сб,науч,289
русский,литературный,язык,второй,288
карасик,языковой,личность,проблема,288
коммуникация,межвуз,сб,науч,288
материал,немецкий,язык,Автореф,288
структура,имя,собственный,фонология,287
нижегородский,государственный,лингвистический,университет,287
очерк,история,русский,литературный,287
язык,языковой,изменение,конец,287
речевой,жанр,обзор,работа,287
называть,актуальный,членение,предложение,287
основа,теория,дискурс,текст,287
понятие,исчисление,речевой,акт,287
русский,грамматика,избранный,труд,287
сквозь,призма,словообразование,макрокосм,287
этимологический,словарь,осетинский,язык,286
аспект,Дисс,канд,филол,286
типология,императив,русский,императив,286
язык,научный,новизна,работа,286
материал,английский,язык,дис,286
преподавание,иностранный,язык,омск,286
основа,прагматический,описание,предложение,286
энциклопедический,словарь,текст,гл,286
основной,понятие,исчисление,речевой,286
язык,текст,Автореф,дис,286
время,русский,глагол,значение,286
опыт,идеографический,описание,лексика,285
грамматический,особенность,слово,термин,285
анализ,язык,язык,эстетика,285
организация,художественный,прозаический,текст,285
вопрос,изучение,русский,язык,284
система,русский,литературный,язык,284
литературный,язык,вопрос,языкознание,284
теория,перевод,лингвистический,проблема,284
большой,энциклопедический,словарь,текст,284
когнитивный,семантика,история,персоналия,284
сборник,научно,аналитический,обзор,284
новый,слово,русский,язык,284
Объектность,коммуникативный,перспектива,высказывание,283
изучение,речевой,жанр,обзор,283
вестник,адыгейский,государственный,университет,283
культурный,специфика,речевой,общение,283
вариантность,фразеологический,единица,тула,283
гак,проблема,структурный,лингвистика,282
др,краткий,словарь,когнитивный,282
картина,мир,автореф,дис,282
развитие,фонетика,современный,русский,282
текст,заключение,ДИССЕРТАЦИИпо,тема,282
словарь,русский,говор,средний,281
прикладной,вопрос,языкознание,универсальный,281
русский,язык,последний,десятилетие,281
картина,мир,языковой,картина,281
вена,язык,русский,культура,281
путь,развитие,лингвострановедение,концепция,281
методика,родной,язык,лингвистика,281
перспектива,развитие,славянский,ономастика,281
стиль,средство,массовый,информация,281
вопрос,языкознание,универсальный,типовой,280
семантика,история,персоналия,идея,280
теория,текст,учебный,пособие,280
основа,образный,средство,язык,280
гайсин,Лексико,семантический,поле,280
кандидат,филологический,наука,доцент,279
диалектологический,атлас,тюркский,язык,279
историко,этимологический,словарь,осетинский,279
образ,русский,речь,историко,279
текст,текст,электронный,ресурс,279
современный,русский,язык,часть,279
внутренний,форма,фразеологический,единица,279
экспрессивный,синтаксический,конструкция,современный,279
анализ,фразеологический,единица,современный,278
дискурс,анализ,оценочный,семантика,278
семантический,структура,высказывание,семантический,278
структура,высказывание,семантический,структура,278
история,лексика,русский,литературный,278
крылатый,слово,литературный,цитата,277
сравнительно,исторический,изучение,язык,277
моделирование,языковой,картина,мир,277
фрагмент,концептуальный,анализ,слово,277
высказывание,семантический,структура,слово,277
сравнительный,грамматика,славянский,язык,276
специфика,языковой,картина,мир,276
Слышкин,методологический,проблема,когнитивный,276
языковой,личность,языковой,личность,276
говор,Автореф,дис,канд,276
экспрессивный,окраска,языковой,единица,276
вопрос,диалектология,тюркский,язык,275
аспект,текст,дис,канд,275
русский,технический,терминология,труд,275
немецкий,язык,учеба,пособие,275
словарь,электронный,ресурс,режим,275
слово,текст,избранный,труд,275
языковой,личность,проблема,значение,275
концептуальный,анализ,слово,память,275
общий,свойство,языковой,система,275
идеографический,аспект,русский,грамматика,275
язык,система,личность,екатеринбург,275
татарский,литературный,язык,казань,275
функциональный,грамматика,Субъектность,Объектность,274
известие,волгоградский,государственный,педагогический,274
концепт,научный,труд,Центроконцепта,274
ван,вопрос,прагматик,текст,274
современный,русский,язык,Изд,274
словарь,русский,язык,современный,274
современный,французский,язык,текст,274
механизм,экспрессивный,окраска,языковой,274
слово,литературный,цитата,образный,273
исследование,функционально,стилистический,аспект,273
спорный,проблема,семантика,монография,273
текст,Автореф,дис,докт,273
воронеж,издательство,воронежский,университет,273
современный,немецкий,язык,дис,273
серия,концептуальный,исследование,Вып,273
идеографический,словарь,русский,язык,273
новый,французский,русский,словарь,273
современный,английский,язык,опыт,273
весь,уровень,языковой,система,272
имя,существительное,имя,прилагательное,272
речь,современный,русский,язык,272
Субъектность,Объектность,коммуникативный,перспектива,272
вестник,иркутский,государственный,лингвистический,272
язык,сегодня,Вып,Сб,272
категория,модальность,вопрос,языкознание,272
литературный,язык,Отв,ред,272
язык,тюркский,рунический,памятник,271
грамматический,исследование,функционально,стилистический,271
филологический,анализ,художественный,текст,271
структура,лексико,семантический,группа,271
процесс,эволюция,поэтический,язык,271
шмелев,логический,анализ,язык,271
общество,любитель,российский,словесность,271
частный,проблема,функциональный,стиль,271
словарь,новый,слово,русский,271
эпитет,русский,литературный,язык,270
перевод,научно,технический,литература,270
национальный,культурный,специфика,концепт,270
технический,терминология,вопрос,теория,270
функциональный,семантика,оценка,текст,270
материал,русский,проза,вв,270
функциональный,стилистика,теория,стиль,270
Фасмер,этимологический,словарь,русский,269
картина,мир,Автореф,дис,269
политический,дискурс,политический,дискурс,269
наивный,модель,мир,семиотика,269
аспект,философский,проблема,языкознание,269
Шк,язык,русский,культура,269
воронежский,государственный,университет,серия,268
онтология,анализ,языковой,сознание,268
материал,русский,язык,вопрос,268
ТСРЯ,толковый,словарь,русский,268
общий,языкознание,учеба,пособие,268
актуальный,проблема,лексикология,тезис,268
теория,метафора,сборник,пер,268
грамматический,строй,современный,русский,268
экспериментально,фонетический,анализ,речь,268
русский,литературный,язык,киев,267
словарь,эпитет,русский,литературный,267
внутренний,форма,языковой,единица,267
англо,русский,языковой,контакт,267
словарь,словообразовательный,элемент,немецкий,267
речевой,коммуникация,межвуз,сб,267
сопоставительный,изучение,словообразование,славянский,267
гносеологический,аспект,философский,проблема,267
язык,проблема,художественный,речь,267
НКРЯ,национальный,корпус,русский,266
пражский,лингвистический,кружок,Сб,266
гак,логический,анализ,язык,266
язык,ежегодник,иберийский,кавказский,266
аварский,язык,Автореф,дис,266
язык,практический,ценность,работа,265
текст,автореферат,дис,канд,265
текст,список,литература,диссертационный,265
окрашивать,лексика,русский,язык,265
семантика,языковый,знак,воронеж,265
язык,пражский,лингвистический,кружок,265
др,современный,русский,язык,264
современный,носитель,русский,язык,264
грамматика,Субъектность,Объектность,коммуникативный,264
проблема,русский,словообразование,материал,264
международный,научный,конференция,русский,264
словообразовательный,элемент,немецкий,язык,264
словарь,русский,язык,начало,264
русский,язык,проблема,художественный,264
аспект,Межвуз,сб,науч,264
вариант,современный,английский,язык,264
даль,толковый,словарь,живой,263
сравнительный,фонетика,тюркский,язык,263
материал,национальный,корпус,русский,263
заседание,кафедра,английский,язык,263
разный,уровень,язык,новосибирск,263
английский,язык,дисс,канд,263
практика,преподавание,иностранный,язык,263
языковой,изменение,конец,столетие,263
русский,речь,историко,этимологический,262
лексико,семантический,вариант,слово,262
новый,онтология,анализ,языковой,262
структура,социальный,коммуникация,проблема,262
словарь,термин,лингвистика,текст,262
язык,материал,международный,научный,262
английский,язык,ученый,записка,262
конструкция,современный,русский,литературный,262
фактор,адресат,известие,ан,262
язык,теоретический,значимость,исследование,261
исторический,грамматика,русский,литературный,261
краткий,словарь,термин,лингвистика,261
синтаксис,русский,язык,ростов,261
перевод,вопрос,теория,перевод,261
язык,социальный,статус,текст,260
речевой,акт,текст,Дж,260
проблема,русский,фразеология,тула,260
Лакофф,Дж,когнитивный,семантика,260
когнитивный,семантика,материал,второй,260
славянский,мифология,энциклопедический,словарь,260
русский,язык,второй,половина,260
личность,эволюция,коммуникативный,компетенция,259
дискурс,текст,дис,канд,259
становление,дискурсивный,мышление,языковой,259
проблема,речевой,коммуникация,межвуз,259
культурный,концепт,сб,науч,259
русский,глагол,принцип,типологический,259
язык,лингвистический,энциклопедический,словарь,259
языковой,личность,проблема,обозначение,259
русский,язык,синтаксис,осложнять,259
словарь,русский,старожильческий,говор,258
вв,словарь,русский,язык,258
словарь,русский,язык,значение,258
личность,культурный,концепт,сб,258
психолингвистический,проблема,массовый,коммуникация,258
этимологический,основа,словарный,состав,258
труд,история,русский,литературный,258
система,часть,речь,современный,258
русский,литературный,язык,автореф,258
текст,язык,способность,Сб,258
васильев,современный,лингвистический,семантика,258
грамматика,Локативность,бытийность,Посессивность,257
семантический,система,русский,язык,257
функциональный,грамматика,русский,язык,257
языковой,картина,мир,автореф,257
автореферат,дис,кандидат,филологический,257
вещь,археология,гуманитарный,наука,257
глагол,принцип,типологический,анализ,257
литература,язык,стиль,жанр,257
язык,синтаксис,осложнять,предложение,257
зарубежный,лингвистика,Вып,лингвостилистика,257
лингвистический,исследование,ран,санкт,256
вестник,московский,государственный,лингвистический,256
дискурс,текст,автореф,дис,256
модель,речевой,жанр,жанр,256
язык,автореф,дис,докт,256
практический,грамматика,английский,язык,256
картина,мир,дис,канд,256
новый,лексика,современный,английский,256
проблема,художественный,речь,лексикология,256
научный,литература,язык,стиль,256
стилистически,окрашивать,лексика,русский,256
французский,язык,Автореф,дисс,256
методологический,проблема,анализ,язык,256
современный,языкознание,материал,научно,256
ан,ссср,институт,русский,255
литературный,язык,народ,ссср,255
проблема,общность,алтайский,язык,255
аспект,языковой,картина,мир,255
стилистика,английский,язык,текст,255
английский,фразеология,теоретический,курс,255
избранный,труд,история,русский,255
русский,литературный,язык,Дис,255
словарь,русский,язык,словарь,254
русский,язык,современный,русский,254
выразительный,средство,русский,язык,254
эстетика,концептуальный,поле,прекрасный,254
современный,русский,лексикология,русский,254
русский,ассоциативный,словарь,книга,254
аспект,лексический,значение,воронеж,254
адресат,известие,ан,ссср,254
кн,аспект,семантический,исследование,254
современный,азербайджанский,литературный,язык,253
русский,язык,алма,ата,253
теория,метафора,теория,метафора,253
бахтин,эстетика,словесный,творчество,253
язык,художественный,проза,избранный,253
школьный,фразеологический,словарь,русский,253
язык,разный,система,новосибирск,253
язык,введение,диссертация,часть,253
русский,поэзия,начало,век,252
русский,язык,избранный,работа,252
очерк,исторический,морфология,русский,252
языковой,картина,мир,носитель,252
практический,конференция,русский,язык,252
речь,Дисс,канд,филол,252
словарь,текст,Гл,ред,252
язык,эстетика,концептуальный,поле,252
Уфимцева,опыт,изучение,лексика,252
современный,якутский,литературный,язык,251
русский,язык,словарь,русский,251
проблема,семантический,анализ,фразеологический,251
человек,психолингвистический,исследование,воронеж,251
тип,дискурс,языковой,личность,251
семантика,языковой,единица,Докл,251
язык,язык,эстетика,концептуальный,251
толковый,словарь,язык,совдепия,251
докт,филол,наука,текст,251
когнитивный,модель,язык,новое,251
лексический,основа,русский,язык,251
корпус,русский,язык,электронный,250
историко,этимологический,словарь,русский,250
труд,институт,русский,язык,250
предложение,бытийный,тип,структура,250
понятие,семантический,система,язык,250
художественный,проза,избранный,труд,250
словарный,состав,английский,язык,250
лексикология,русский,окказиональный,слово,250
пословица,русский,народ,сборник,250
функциональный,стиль,русский,язык,249
языковой,сознание,опыт,лингвокультурологического,249
когнитивный,лингвистика,современный,состояние,249
художественный,текст,Дис,канд,249
английский,эквивалент,синоним,антоним,248
интонационный,система,русский,язык,248
речевой,жанр,вопрос,языкознание,248
ран,институт,русский,язык,248
функциональный,анализ,грамматический,категория,248
лексический,вопрос,перевод,художественный,248
говор,территория,поздний,заселение,248
педагогический,институт,иностранный,язык,247
часть,речь,русский,язык,247
отражение,языковой,картина,мир,247
культура,русский,речь,учебник,247
синонимический,средство,язык,текст,247
точка,зрение,теория,речевой,247
эмотивный,аспект,волгоград,саратов,247
основа,словарный,состав,современный,247
проблема,речевой,жанр,бахтин,247
исторический,словарь,русский,язык,246
сфера,действие,лексический,единица,246
идеографический,описание,английский,эквивалент,246
функциональный,грамматика,проблема,функциональный,246
энциклопедический,словарь,текст,Гл,246
русский,лексикология,русский,окказиональный,246
семантический,эквивалентность,лексический,единица,246
язык,словообразование,Членимость,слово,246
москва,язык,славянский,культура,245
грамматика,проблема,функциональный,грамматика,245
КСКТ,краткий,словарь,когнитивный,245
современный,английский,язык,проблема,245
общий,языкознание,избранный,работа,245
смысловой,структура,научный,текст,245
язык,межвуз,сб,науч,245
литературный,язык,ан,ссср,245
изучение,синтаксис,простой,предложение,244
лексико,семантический,группа,ЛСГ,244
описание,английский,эквивалент,синоним,244
очерк,современный,русский,стилистика,244
лингвистика,текст,учеба,пособие,244
семантический,вопрос,теория,словообразование,244
русский,язык,воронеж,Изд,244
речь,Межвуз,сб,науч,244
русский,язык,межвузовский,сборник,244
испанский,язык,Автореф,дис,244
современный,французский,язык,Дис,244
английский,язык,Уч,зап,244
история,изучение,русский,синтаксис,243
проблема,современный,русский,язык,243
литературный,язык,начало,век,242
синтаксис,диалогический,речь,современный,242
часть,речь,современный,русский,242
состав,современный,русский,язык,242
когнитивный,лингвистика,воронеж,исток,242
ЭССЯ,этимологический,словарь,славянский,241
семантический,тип,видовой,противопоставление,241
речевой,общение,коммуникативный,прагматический,241
основа,функциональный,грамматика,языковой,241
речь,экспериментально,фонетический,исследование,241
язык,НДВШ,филологический,наука,241
русистика,сегодня,язык,система,241
язык,вопрос,синтаксис,современный,241
слово,морфологический,структура,слово,240
фонетика,современный,русский,литературный,240
словарь,русский,общий,жаргон,240
язык,словарь,русский,язык,240
действие,очерк,современный,русский,240
словарь,когнитивный,термин,Кубрякова,240
описание,современный,германский,язык,240
синтаксический,особенность,русский,речь,240
русский,язык,словообразование,Членимость,240
развитие,литературный,язык,народ,239
грамматика,карачаево,балкарский,язык,239
формирование,русский,национальный,язык,239
язык,культура,гуманитарный,знание,239
языковой,единица,различный,уровень,239
глагол,идеографический,описание,английский,239
диалогический,речь,современный,английский,239
языковой,личность,проблема,когниции,239
философский,энциклопедический,словарь,текст,239
обращение,оглавление,ДИССЕРТАЦИИкандидат,филологический,239
лингвистика,вопрос,когнитивный,лингвистика,239
вопрос,французский,язык,текст,239
русский,фразеология,словарь,справочник,239
вопрос,перевод,художественный,проза,239
языковой,картина,мир,языковой,238
функциональный,семантико,стилистический,категория,238
словарь,народный,географический,термин,238
когнитивный,функциональный,аспект,исследование,238
некоторый,вопрос,семантика,язык,238
русский,язык,автореф,дисс,238
русский,язык,Сб,ст,238
корпус,русский,язык,НКРЯ,237
русский,язык,автореферат,дисс,237
толковый,словарь,русский,общий,237
ТФГ,теория,функциональный,грамматика,237
толковый,словарь,английский,язык,237
полоса,некоторый,особенность,язык,237
языковой,картина,мир,дис,237
функциональный,грамматика,языковой,интерпретация,237
языковой,интерпретация,идея,время,237
история,языкознание,литературоведение,Вып,237
русский,речь,прикамье,пермь,237
структурно,типологический,описание,современный,237
кузнецов,структурно,семантический,параметр,237
тюркский,язык,алма,ата,236
словарь,электронный,ресурс,дата,236
семантический,словарь,русский,язык,236
язык,роль,человеческий,фактор,236
культурный,аспект,оценочный,семантика,236
речевой,системность,научный,стиль,236
теория,сложный,предложение,новосибирск,236
единица,современный,английский,язык,235
система,современный,немецкий,язык,235
представление,эмоция,вопрос,языкознание,235
национальный,культурный,аспект,оценочный,235
лексико,грамматический,класс,слово,235
вопрос,современный,русский,словообразование,235
текст,актуальный,проблема,психолингвистика,235
ахманова,словарь,лингвистический,термин,235
типологический,описание,современный,германский,235
родительный,падеж,множественный,число,234
русский,язык,логический,анализ,234
Семантико,когнитивный,анализ,язык,234
упорядочение,научно,технический,терминология,234
язык,современный,газетный,публицистика,234
концепт,сб,науч,тр,234
словарь,русский,культура,текст,234
Моск,гос,лингвист,уна,234
семантический,представление,эмоция,вопрос,234
английский,филология,тамбов,Изд,234
русский,язык,казань,Изд,234
новиков,семантика,русский,язык,234
лексикология,русский,язык,век,233
язык,русский,культура,издательский,233
служебный,слово,русский,язык,233
немецкий,язык,текст,дис,233
английский,язык,Сб,науч,233
общение,коммуникативный,прагматический,подход,233
языкознание,ран,тамбов,издательский,233
славянский,языковой,моделирующий,семиотический,233
значимый,единица,язык,принцип,233
речь,русский,разговорный,речь,233
единица,лексический,уровень,томск,233
языкознание,академия,наука,ссср,232
сравнительно,исторический,лексика,дагестанский,232
анализ,художественный,текст,текст,232
речь,жанр,речь,саратов,232
Дж,лингвистический,гештальты,новый,232
объединение,кафедра,русский,язык,232
сравнительный,конструкция,русский,язык,231
некоторый,особенность,язык,современный,231
проблема,функциональный,грамматика,категория,231
текст,автореф,канд,филол,231
современный,этап,развитие,язык,231
семантический,система,язык,текст,231
аспект,языковой,категоризации,Сб,231
языковой,моделирующий,семиотический,система,231
язык,отраслевой,лексика,дагестанский,231
язык,академия,наука,ссср,230
данный,случай,речь,идти,230
развитие,синтаксис,современный,русский,230
язык,практический,значимость,исследование,230
видовой,противопоставление,русский,глагол,230
некоторый,лингвистический,проблема,изучение,230
материал,немецкий,язык,текст,230
семиотика,политический,дискурс,монография,230
грамматика,языковой,интерпретация,идея,230
функциональный,грамматика,категория,морфология,230
современный,русский,язык,семантика,230
язык,язык,дагестан,махачкала,230
вариант,английский,язык,Автореф,230
Семантико,синтаксический,средство,выражение,230
язык,научный,доклад,высокий,230
лексика,русский,язык,конец,230
русский,литературный,язык,ан,230
исторический,лексика,дагестанский,язык,229
структура,современный,английский,язык,229
зрение,теория,речевой,акт,229
персональный,дискурс,сб,науч,229
когнитивный,лингвистика,вопрос,когнитивный,229
семантический,функция,речевой,единство,229
постулат,когнитивный,семантика,известие,229
дискурс,Дис,канд,филол,229
язык,киев,Наукова,думка,229
русский,устный,научный,речь,229
язык,образ,парадигма,образ,229
коммуникативный,стратегия,русский,речь,228
языковой,картина,мир,являться,228
тип,видовой,противопоставление,русский,228
лингвистический,проблема,изучение,термин,228
французский,язык,дис,канд,228
жить,текст,Дж,Лакофф,228
анализ,текст,учеба,пособие,228
текст,текст,дис,канд,228
лексический,система,язык,внутренний,228
дагестанский,язык,соматический,термин,228
язык,текст,учебный,пособие,228
носитель,современный,русский,язык,227
экспрессивный,средство,английский,язык,227
вопрос,структура,английский,язык,227
курс,обучение,иностранный,язык,227
лексика,дагестанский,язык,соматический,227
материал,русский,язык,Автореф,227
особенность,стиль,научный,изложение,227
экспериментально,фонетический,исследование,Автореф,227
якобсон,Шифтеры,глагольный,категория,227
словарь,русский,говор,карелия,226
словообразование,современный,русский,литературный,226
БТС,большой,толковый,словарь,226
русский,язык,конец,начало,226
русский,культура,издательский,фирма,226
язык,семантика,языковой,единица,226
государственный,институт,русский,язык,226
грамматический,категория,имя,существительное,226
толковый,словарь,иностранный,слово,226
связь,аспект,семантический,исследование,226
современный,русский,устный,научный,226
лингвистический,проблема,референция,новое,226
метод,изучение,лексика,минск,226
языкознание,материал,научно,теоретический,226
язык,Автореф,докт,дисс,225
раса,русский,ассоциативный,словарь,225
вербализация,прошлое,опыт,новое,225
смысловой,тип,речь,описание,225
газетный,публицистический,стиль,речь,225
грамматический,средство,выражение,модальность,224
толковый,словарь,словообразовательный,единица,224
словарь,трудность,русский,язык,224
русский,язык,Изв,ан,224
речь,культура,русский,речь,224
аспект,сб,науч,тр,224
исследование,слово,текст,избранный,224
языковой,картина,мир,лингвистический,224
вестник,МГОУ,серия,русский,224
МГОУ,серия,русский,филология,224
Дж,постулат,речевой,общение,224
лексико,грамматический,разряд,слово,223
язык,словарь,современный,русский,223
Кубрякова,логический,анализ,язык,223
актуальный,проблема,современный,русистика,223
русский,язык,известие,ран,223
словарь,русский,культура,Изд,223
синоним,русский,язык,практический,223
тематический,словарь,русский,язык,223
кунин,англо,русский,фразеологический,223
разговорный,речь,русский,разговорный,223
сравнительный,словарь,турецкий,татарский,222
словарь,турецкий,татарский,наречие,222
падежный,форма,имя,существительное,222
сопоставительный,изучение,дагестанский,язык,222
научный,конференция,русский,язык,222
чувственный,компонент,значение,слово,222
речь,дис,канд,филол,222
когнитивный,основание,изучение,семантика,222
общий,языкознание,учебный,пособие,222
современный,русский,язык,учить,222
эмоциональный,нагрузка,слово,опыт,222
динамический,аспект,лексический,мотивация,222
русский,язык,практический,справочник,222
организация,внутренний,лексикон,человек,222
текст,доклад,международный,конференция,222
система,язык,спб,наука,222
класс,русский,глагол,свердловск,222
русский,речь,русский,язык,221
синтаксический,строй,татарский,язык,221
грамматика,тюркский,язык,лексика,221
семантический,структура,простой,предложение,221
словарь,морфема,русский,язык,221
Лакофф,Дж,когнитивный,моделирование,221
проблема,общий,фразеология,ростов,221
система,язык,внутренний,организация,221
внутренний,организация,категориальный,аппарат,221
системность,научный,стиль,сравнительно,221
стилистический,анализ,художественный,текст,221
Лакофф,Дж,постулат,речевой,221
современный,этап,развитие,семасиология,221
значение,слово,образовывать,структура,221
лаптев,русский,разговорный,синтаксис,221
речевой,коммуникация,саратов,Изд,220
материал,иберо,романский,язык,220
коммуникативный,прагматический,аспект,фразеология,220
терминология,научно,технический,терминология,220
современный,русский,язык,киев,220
современный,азербайджанский,язык,Автореф,219
ономастический,поле,русский,язык,219
самопознание,этнокультурный,специфика,языковой,219
особенность,язык,современный,газетный,219
языкознание,ран,Волгогр,гос,219
основание,изучение,семантика,слово,219
английский,язык,автореф,дисс,219
эмоция,психология,эмоция,текст,219
иберийский,кавказский,язык,нальчик,219
язык,внутренний,организация,категориальный,219
синтаксический,структура,тюркский,язык,218
лгать,серия,филологический,наука,218
коммуникация,сб,науч,тр,218
лексический,система,язык,воронеж,218
заседание,кафедра,иностранный,язык,218
семиотика,язык,природа,культура,218
семантический,анализ,язык,наука,218
образный,средство,язык,новосибирск,218
коммуникативный,стилистика,художественный,текст,218
Стернин,методологический,проблема,когнитивный,218
Теньер,основа,структурный,синтаксис,218
период,история,русский,язык,217
период,развитие,русский,язык,217
художественный,текст,автореф,дис,217
форма,речевой,высказывание,спб,217
логика,когнитивный,бессознательный,новое,217
крылатый,выражение,Лингвострановедческий,словарь,217
память,логический,анализ,язык,217
сочетание,современный,русский,язык,217
художественный,текст,доклад,международный,217
суффиксальный,словообразование,имя,существительное,217
русский,язык,саратов,Изд,217
русский,литературный,язык,Отв,217
предложение,Дис,канд,филол,216
живой,речь,уральский,город,216
тип,речь,описание,повествование,216
словарь,культура,век,ключевой,216
буддизм,картина,мир,язык,216
русский,словообразовательный,морфемика,проблема,216
социальный,дифференциация,английский,язык,216
разновидность,интерпретировать,подход,текст,216
русский,литературный,язык,учебник,216
русский,язык,русый,яз,216
проблема,лексикология,тезис,доклад,216
научно,технический,терминология,научно,216
данные,национальный,корпус,русский,215
русский,язык,словарь,справочник,215
энциклопедический,словарь,электронный,ресурс,215
анализ,текст,основа,теория,215
текст,основа,теория,принцип,215
современный,немецкий,язык,вопрос,215
семантика,русский,глагол,уфа,215
аффикс,принадлежность,го,лицо,214
функциональный,грамматика,полевой,структура,214
языковой,картина,мир,концепт,214
городской,культура,екатеринбург,арго,214
время,логический,анализ,язык,214
Паремиологический,сборник,пословица,загадка,214
семантика,доклад,международный,конференция,214
категория,число,имя,существительное,214
цвет,смысл,сходство,аспект,214
язык,народ,зарубежный,страна,214
русский,язык,век,языковой,213
проблема,функциональный,грамматика,полевой,213
словарь,крылатый,слово,русский,213
грамматический,семантика,английский,язык,213
конструктивный,анализ,структура,предложение,213
психолингвистический,исследование,воронеж,Изд,213
система,язык,проблема,структурный,213
концепт,логический,анализ,язык,213
русский,язык,структурно,семантический,213
язык,дагестанский,лингвистический,сборник,213
национальный,культурный,семантика,русский,213
словарь,Автореф,дис,канд,213
теория,коммуникация,синтаксис,текст,213
словарь,словообразовательный,единица,русский,212
русский,разговорный,диалог,структура,212
языковой,сознание,этнокультурный,специфика,212
метафора,теория,метафора,сборник,212
лингвистика,текст,курс,лекция,212
вопрос,стилистика,саратов,Изд,212
работа,семиотика,поэтика,пер,212
загадка,структура,смысл,текст,212
семантика,номинативный,единица,текст,212
лексический,система,язык,проблема,212
язык,вв,Автореф,дис,212
грамматика,современный,якутский,литературный,212
язык,культура,коммуникация,доклад,212
диалогический,речь,Автореф,дис,212
русский,язык,Вопр,языкознание,212
словообразовательный,единица,русский,язык,211
встречаться,толковый,словарь,русский,211
волгоградский,государственный,университет,серия,211
английский,язык,предмет,исследование,211
вопрос,стилистика,вопрос,языкознание,211
некоторый,задача,изучение,синтаксис,211
русский,язык,вопрос,русский,211
пословица,загадка,структура,смысл,211
сознание,этнокультурный,специфика,языковой,211
строй,иберийский,кавказский,язык,211
основа,русский,фразообразования,ростов,211
ассоциативный,грамматика,русский,язык,211
язык,научно,технический,литература,211
заседание,кафедра,общий,языкознание,211
ширяев,русский,разговорный,речь,211
тема,язык,народ,зарубежный,211
речь,проблема,современный,русский,211
филологический,анализ,текст,основа,210
функционально,семантический,поле,ФСП,210
нагрузка,слово,опыт,психолингвистический,210
слово,опыт,психолингвистический,исследование,210
словарный,состав,современный,русский,210
Концептосфера,русский,язык,Изв,210
изучение,дагестанский,язык,махачкала,210
проблема,анализ,язык,ереван,210
этимологический,словарь,русский,фразеология,209
речь,носитель,русский,язык,209
лексико,семантический,система,русский,209
язык,Сб,научный,труд,209
прагматический,аспект,связность,диалог,209
языковой,личность,система,норма,209
вопрос,синтаксический,строй,иберийский,209
номинация,особенность,семантика,фразеологизм,209
курс,общий,лингвистика,текст,209
словарь,современный,русский,лексикография,209
взаимообогащение,язык,народ,ссср,208
актуальный,проблема,русский,язык,208
текст,Сб,научный,труд,208
русский,ассоциативный,словарь,Кн,208
французско,русский,фразеологический,словарь,208
действие,логический,анализ,язык,208
очерк,теория,стилистика,горький,208
исследование,структура,концепт,методологический,208
личность,система,норма,стиль,208
Разноуровневые,характеристика,лексический,единица,208
говорить,социально,лингвистический,исследование,208
семантический,аспект,синтаксис,калинин,208
фразеологический,словарь,современный,русский,207
русский,фразеологический,словарь,текст,207
язык,текст,автореф,дисс,207
социальный,коммуникация,проблема,семиосоциопсихологии,207
сборник,пословица,загадка,структура,207
тартуский,московский,семиотический,школа,207
современный,русский,язык,семантический,207
синтаксический,строй,иберийский,кавказский,207
опыт,русский,фразеология,сборник,207
научный,стиль,русский,литературный,207
русский,речь,проблема,современный,207
томный,словарь,современный,русский,206
язык,вестник,московский,университет,206
Герценовские,чтение,иностранный,язык,206
вопрос,интернационализация,словарный,состав,206
список,источник,языковой,материал,206
фразеологический,номинация,особенность,семантика,206
антропологический,лингвистика,концепт,категория,206
речь,текст,автореф,дис,206
русский,художественный,литература,проза,206
русский,язык,дисс,канд,206
язык,соматический,термин,махачкала,206
кн,языковой,номинация,вид,206
известие,отделение,русский,язык,205
словарь,русский,жаргон,спб,205
заседание,кафедра,современный,русский,205
йошкар,ола,марийский,книжный,205
вестник,Пятигорского,государственный,лингвистический,205
тактика,русский,речь,текст,205
текст,текст,учеба,пособие,205
структура,концепт,методологический,проблема,205
явление,мотивация,слово,лексикологический,205
мотивация,слово,лексикологический,аспект,205
семантический,исследование,Отв,ред,205
лингвостилистика,современный,английский,язык,205
русский,фразеология,сборник,образный,205
фразеология,сборник,образный,слово,205
словарь,русский,язык,свыше,205
язык,Автореф,дис,доктор,205
словарь,русский,язык,составлять,204
государственный,университет,сера,филология,204
национальный,картина,мир,воронеж,204
ОГЛАВЛЕНИЕ,ДИССЕРТАЦИИдоктор,филологический,наука,204
уральский,лингвистический,общество,екатеринбург,204
прагматика,Изв,ан,ссср,204
когнитивный,семантика,известие,ан,204
аварский,литературный,язык,махачкала,204
роль,говорить,социально,лингвистический,204
дискурс,языковой,личность,проблема,204
современный,английский,язык,киев,204
большой,англо,русский,фразеологический,203
проблема,социальный,дифференциация,язык,203
исследование,средство,речевой,воздействие,203
язык,культура,речь,стилистика,203
практика,научно,технический,лексикография,203
русский,язык,известие,ан,203
когнитивный,теория,метафора,теория,203
тюремный,лагерный,блатной,жаргон,203
развитие,общественно,политический,лексика,203
инструмент,социальный,власть,язык,202
обсуждение,вопрос,стилистика,вопрос,202
стилистика,текст,учеба,пособие,202
прагматический,аспект,лингвистический,исследование,202
задача,изучение,синтаксис,простой,202
аспект,оценочный,семантика,эстетический,202
смысл,речевой,образование,калинин,202
речь,коммуникация,информация,кибернетика,202
системный,семантический,словарь,русский,202
словарь,словарь,русский,язык,201
большой,словарь,крылатый,слово,201
словарь,русский,язык,словоизменение,201
русский,язык,словарь,современный,201
синоним,русский,язык,первый,201
концептуальный,анализ,язык,современный,201
речь,сб,науч,статья,201
Лингвокогнитивные,проблема,межкультурный,коммуникация,201
слово,значение,коммуникативный,перспектива,201
лингвистика,Вып,языковой,контакт,201
общий,риторика,курс,лекция,201
учебный,словарь,сочетаемость,слово,201
проблема,лингвистический,анализ,текст,201
аспект,Автореф,дис,докт,201
предложный,падежный,форма,имя,200
национальный,культурный,специфика,языковой,200
сознание,коммуникация,сб,статья,200
язык,юго,восточный,азия,200
материал,всесоюзный,терминологический,совещание,200
волгоградский,гос,пед,уна,200
материал,русский,советский,поэзия,200
лексико,семантический,способ,словообразование,200
проблема,организация,внутренний,лексикон,200
язык,жанр,русский,фольклор,200
язык,Дисс,канд,филолог,200
