современный,русский,язык
русский,литературный,язык
грамматика,русский,язык
язык,художественный,литература
бессоюзный,сложный,предложение
современный,литературный,язык
язык,художественный,произведение
сравнительно,исторический,метод
история,русский,язык
состав,русский,язык
культура,русский,речь
современный,тюркский,язык
форма,множественный,число
форма,прошедший,время
русский,народный,говор
лексический,значение,слово
финно,угорский,язык
синтаксис,русский,язык
система,русский,язык
татарский,литературный,язык
современный,английский,язык
современный,немецкий,язык
тунгусо,маньчжурский,язык
узбекский,литературный,язык
лексико,семантический,группа
грамматика,тюркский,язык
второстепенный,член,предложение
форма,настоящий,время
литературный,язык,век
сравнительно,исторический,грамматика
карачаево,балкарский,язык
словарный,состав,язык
лексико,семантический,вариант
языковой,картина,мир
носитель,русский,язык
модель,смысл,текст
видо,временный,форма
система,часть,речь
наивный,картина,мир
лексико,семантический,поле
внутренний,форма,слово
норма,русский,язык
американский,вариант,английский
вариант,английский,язык
семантический,структура,предложение
семантический,анализ,лексика
языковой,средство,выражение
косвенный,речевой,акт
предложный,падежный,форма
грамматический,средство,выражение
семантический,тип,предикат
лексика,русский,язык
логический,анализ,язык
тип,языковой,значение
семантический,класс,глагол
русский,разговорный,речь
фрагмент,языковой,картина
интегральный,описание,язык
метод,компонентный,анализ
русский,языковой,сознание
семантический,структура,слово
тип,лексический,значение
коммуникативный,прагматический,аспект
синонимический,средство,язык
официально,деловой,стиль
сознание,носитель,язык
функционально,семантический,поле
функционально,семантический,категория
семантика,языковой,единица
теория,речевой,деятельность
теория,речевой,акт
средство,выражение,модальность
лингвистический,анализ,текст
речь,русский,язык
единица,русский,язык
концептуальный,картина,мир
анализ,языковой,единица
аспект,речевой,деятельность
история,английский,язык
лексический,система,язык
формирование,языковой,картина
теория,речевой,жанр
модель,пространство,время
категория,определенность,неопределенность
языковой,сознание,носитель
фразеология,русский,язык
русский,речевой,этикет
теория,поэтический,речь
несобственный,прямой,речь
синтаксис,простой,предложение
русский,культура,опыт
пословица,русский,народ
стилистика,русский,язык
лексико,семантический,система
семантический,система,язык
развитие,русский,язык
романо,германский,филология
сравнительно,исторический,языкознание
лексикология,русский,язык
общественно,политический,лексика
уровень,языковой,система
семантика,русский,язык
специфика,языковой,сознание
вариант,речевой,поведение
современный,французский,язык
русский,языковой,личность
ассоциативный,вербальный,сеть
специфика,речевой,поведение
языковой,концептуализация,мир
структурно,семантический,характеристика
структурно,семантический,особенность
научно,технический,терминология
структурно,семантический,тип
структурно,семантический,анализ
функционирование,языковой,единица
лексико,грамматический,разряд
анализ,художественный,текст
язык,художественный,проза
функциональный,семантика,оценка
развитие,словарный,состав
теория,семантический,поле
структура,значение,слово
лексико,семантический,группа
семантический,группа,слово
языковой,механизм,экспрессивность
семасиология,русский,язык
теория,функциональный,грамматика
структура,художественный,текст
анализ,словарный,дефиниция
лексико,фразеологический,семантика
объективный,картина,мир
когнитивный,аспект,язык
стилистика,английский,язык
пражский,лингвистический,кружок
семантика,номинативный,единица
интерпретация,художественный,текст
языковый,картина,мир
служебный,часть,речь
язык,русский,поэзия
эстетика,словесный,творчество
стилистика,художественный,речь
анализ,поэтический,текст
семантика,производный,слово
структура,простой,предложение
строй,русский,язык
внутренний,структура,язык
структурно,семантический,организация
общий,теория,грамматика
современный,лингвистический,семантика
теория,художественный,речь
трехмерный,пространство,язык
история,лингвистический,учение
семантический,группа,глагол
национальный,картина,мир
семантика,фразеологический,единица
коннотативный,аспект,семантика
аспект,русский,синтаксис
аспект,языковой,категоризации
актуальный,членение,предложение
грамматика,немецкий,язык
современный,американский,лингвистика
грамматический,строй,язык
научный,картина,мир
семантика,русский,глагол
художественный,картина,мир
морфологический,структура,слово
компонент,семантический,структура
грамматика,французский,язык
лексикология,английский,язык
немецкий,разговорный,речь
теория,речевой,воздействие
газетный,публицистический,стиль
фразеологический,картина,мир
авторский,картина,мир
грамматика,английский,язык
современный,китайский,язык
лексика,дагестанский,язык
синтаксис,английский,язык
кабардино,черкесский,язык
иберийский,кавказский,язык
филологический,анализ,текст
немецкий,литературный,язык
теория,межкультурный,коммуникация
язык,славянский,культура
образование,новый,слово
частота,основной,тон
диалект,даргинский,язык
лингвистический,исследование,текст
смысловой,структура,текст
содержательный,структура,слово
принцип,функциональный,грамматика
лингвистический,теория,текст
норма,литературный,язык
причастие,прошедший,время
когнитивный,исследование,язык
слово,категория,состояние
тактика,русский,речь
современный,башкирский,язык
личный,форма,глагол
временный,форма,глагол
тип,словесный,знак
лексический,значение,глагол
история,немецкий,язык
форма,будущий,время
лингвистика,языковой,существование
русский,национальный,язык
анализ,язык,модель
функционально,стилистический,аспект
научно,технический,термин
синтаксический,организация,предложение
носитель,английский,язык
вариантность,фразеологический,единица
развитие,литературный,язык
философский,анализ,язык
русский,политический,метафора
форма,повелительный,наклонение
современный,азербайджанский,язык
современный,индоевропейский,язык
морфология,русский,язык
анализ,структура,значение
система,английский,язык
фразеологический,состав,язык
лексика,английский,язык
грамматический,категория,глагол
живой,разговорный,речь
функционально,семантический,анализ
современный,монгольский,язык
синтаксический,средство,выражение
современный,испанский,язык
оптимизация,речевой,воздействие
семиологического,описание,лексика
форма,родительный,падеж
общий,теория,имя
структура,лексический,значение
современный,татарский,язык
диалект,татарский,язык
памятник,древнетюркский,письменность
основа,общий,языкознание
научно,технический,текст
классификация,иллокутивный,акт
городской,устный,речь
словообразование,русский,язык
морфология,английский,язык
стилистика,французский,язык
когнитивный,теория,метафора
теория,морфологический,категория
аспект,языковой,явление
психолингвистический,исследование,слово
современный,германский,язык
стилистика,немецкий,язык
лексико,семантический,уровень
лексико,грамматический,класс
семантический,структура,глагол
глагол,совершенный,вид
прибалтийский,финский,язык
передача,чужой,речь
национальный,языковой,картина
русский,славянский,языкознание
семантический,пространство,язык
семантический,структура,высказывание
структурно,семантический,модель
лексика,разговорный,употребление
тип,языковой,личность
лексика,тюркский,язык
современный,казахский,язык
форма,единственный,число
анализ,предметный,имя
таджикский,литературный,язык
строй,тюркский,язык
башкирский,литературный,язык
синтаксический,структура,предложение
вариант,испанский,язык
аварский,литературный,язык
современный,лингвистический,исследование
язык,логический,анализ
национальный,литературный,язык
неличный,форма,глагол
инвариантный,синтаксический,значение
часть,сложный,предложение
лексико,тематический,группа
языковой,личность,автор
коммуникативный,единица,язык
научно,технический,перевод
диалект,аварский,язык
коми,пермяцкий,язык
анализ,семантический,структура
тип,фразеологический,единица
типологический,анализ,язык
семантика,художественный,текст
общеславянский,лингвистический,атлас
памятник,деловой,письменность
порождение,речевой,высказывание
структура,сложный,предложение
социальный,дифференциация,язык
поэтический,картина,мир
эмоционально,оценочный,лексика
компонент,значение,слово
диалект,хантыйский,язык
существительное,мужской,род
лексико,фразеологический,поле
устойчивый,словесный,комплекс
язык,народ,сибирь
иберийский,кавказский,языкознание
история,тюркский,язык
форма,существование,язык
метод,контекстуальный,анализ
морфология,тюркский,язык
семантический,поле,глагол
символ,лингвокультурные,концепт
референциальный,аспект,семантика
свойство,языковой,система
принцип,типологический,анализ
число,имя,существительное
русский,исторический,лексикология
семантический,форма,мышление
выражение,модальный,значение
структура,семантический,поле
глагол,несовершенный,вид
значение,лексический,единица
финно,угорский,языкознание
художественный,прозаический,текст
аспект,семантика,местоимение
современный,узбекский,язык
значимый,единица,язык
научный,стиль,речь
индивидуально,авторский,картина
английский,языковой,картина
причастие,настоящий,время
время,русский,глагол
метод,лингвистический,анализ
современный,разговорный,речь
тип,речевой,культура
однородный,член,предложение
функционально,смысловой,тип
современный,языковой,ситуация
национальный,русский,двуязычие
функционально,семантический,аспект
выражение,временный,отношение
национальный,культурный,аспект
говор,азербайджанский,язык
история,литературный,язык
русский,литературный,произношение
смысловой,структура,слово
русский,терминология,опыт
турецкий,литературный,язык
русский,говор,сибирь
грамматика,башкирский,язык
коммуникативный,прагматический,подход
древнерусский,литературный,язык
смысл,художественный,текст
народный,разговорный,речь
общественно,политический,терминология
модель,речевой,жанр
литературно,художественный,текст
временный,локализованность,таксис
структура,фразеологический,единица
лексико,семантический,особенность
английский,диалогический,речь
когнитивный,прагматический,аспект
значение,многозначный,слово
общий,теория,лексикография
национальный,культурный,семантика
значение,фразеологический,единица
предложный,падежный,конструкция
система,функциональный,грамматика
античный,теория,язык
аспект,языковой,общение
опыт,лингвистический,описание
фонетика,английский,язык
закономерность,стилистический,использование
основа,теория,грамматика
лексический,состав,язык
речевой,жанр,текст
вид,речевой,деятельность
организация,художественный,текст
современный,турецкий,язык
современный,русский,словообразование
ценностный,картина,мир
социально,лингвистический,исследование
славянский,литературный,язык
картина,мир,носитель
практика,межкультурный,коммуникация
частный,лингвистический,теория
английский,разговорный,речь
перевод,художественный,текст
семантический,структура,язык
наивный,модель,мир
компаративный,фразеологический,единица
семантика,фразеологический,оборот
устный,научный,речь
главный,член,предложение
тематический,группа,слово
экспрессивный,синтаксический,конструкция
структура,языковой,личность
функциональный,сторона,язык
функционирование,грамматический,категория
функционально,семантический,особенность
значение,языковой,единица
образование,сложный,слово
постулат,когнитивный,семантика
структурный,схема,предложение
категория,грамматический,класс
русский,ономастический,терминология
экспрессивный,оценочный,функция
глагольный,фразеологический,единица
модель,языковой,личность
средство,речевой,воздействие
единица,словообразовательный,система
строение,человеческий,язык
форма,именительный,падеж
анализ,абстрактный,имя
диалект,сибирский,татарин
тип,речевой,акт
обучение,неродной,язык
класс,русский,глагол
экономия,языковой,средство
гласный,передний,ряд
язык,советский,эпоха
смысловой,тип,речь
социальный,власть,язык
язык,межнациональный,общение
романо,германский,языкознание
говор,русский,язык
устойчивый,сочетание,слово
функционирование,языковый,единица
нахско,дагестанский,язык
азербайджанский,литературный,язык
композиционный,речевой,форма
автоматический,обработка,текст
система,функциональный,стиль
романо,германский,язык
семантика,синтаксический,единица
теоретический,основа,грамматика
тезаурус,литературный,язык
русский,технический,терминология
современный,структурный,лингвистика
типология,лингвистический,номинация
стиль,русский,язык
социальный,вариант,язык
форма,имя,существительное
метод,лингвистический,описание
особенность,речевой,поведение
современный,философия,язык
изобразительный,выразительный,средство
метод,концептуальный,анализ
язык,новый,время
структурно,семантический,аспект
новый,лексический,единица
арабский,литературный,язык
язык,русский,словесность
лексический,средство,обозначение
теория,лингвистический,модель
история,французский,язык
русский,старожильческий,говор
частный,теория,перевод
функционально,прагматический,концепция
группа,русский,глагол
русский,разговорный,синтаксис
лингвистический,семантика,текст
грамматический,класс,слово
прагматический,концепция,текст
научно,технический,лексикография
тип,русский,речь
стереотип,речевой,общение
праславянский,лексический,фонд
говор,русский,север
теория,языковой,личность
культурно,речевой,ситуация
экспериментальный,исследование,семантика
коммуникативный,тип,предложение
фразеологический,система,язык
анализ,языковой,средство
диалект,селькупский,язык
лексико,фразеологический,система
анализ,естественный,язык
народный,разговорный,язык
русский,языковый,модель
предложный,падежный,сочетание
фонетика,тюркский,язык
грамматический,система,язык
существительное,женский,род
вариант,французский,язык
компонент,лексический,значение
семантика,лексический,единица
изменение,значение,слово
структурно,семантический,свойство
грамматический,категория,род
обстоятельство,образ,действие
теория,речевой,коммуникация
структурно,семантический,параметр
аспект,языковой,единица
семантика,глагольный,слово
русский,язык,медиа
коммуникативный,прагматический,функция
аспект,речевой,общение
лексика,немецкий,язык