современный,русский,язык,87104
словарь,русский,язык,47089
русский,литературный,язык,40827
современный,русский,литературный,19512
кандидат,филологический,наука,6119
язык,ан,ссср,2185
словарь,современный,русский,8667
институт,русский,язык,5291
русский,язык,ан,1554
грамматика,русский,язык,10000
толковый,словарь,русский,14893
язык,художественный,литература,6770
бессоюзный,сложный,предложение,1884
современный,литературный,язык,1231
великий,отечественный,война,1114
язык,художественный,произведение,1239
толковый,словарь,живой,4992
словарь,живой,великорусский,5068
живой,великорусский,язык,5028
этимологический,словарь,русский,6618
словарный,состав,русский,1432
доктор,филологический,наука,4682
произведение,художественный,литература,1559
обучение,русский,язык,2559
русский,язык,век,2977
второй,половина,век,4456
история,русский,литературный,5997
филологический,наука,профессор,1321
сравнительно,исторический,метод,1001
конец,начало,век,2374
история,русский,язык,7762
словарь,древнерусский,язык,2439
первый,половина,век,2685
словарь,академия,российский,1438
русский,язык,слово,1959
состав,русский,язык,1565
слово,русский,язык,4159
полный,собрание,сочинение,2845
культура,русский,речь,3235
бодуэн,де,Куртенэ,5677
академия,наука,ссср,4638
государственный,педагогический,институт,1534
высокий,учебный,заведение,1897
словарь,синоним,русский,4037
синоним,русский,язык,5028
словарь,иностранный,слово,4562
этимологический,словарь,тюркский,1224
словарь,тюркский,язык,1618
современный,тюркский,язык,1285
форма,множественный,число,2063
словарь,русский,литературный,1311
повесть,временной,год,1281
форма,прошедший,время,2372
изучение,русский,язык,2318
русский,язык,русский,4356
устный,народный,творчество,1512
русский,язык,являться,1283
лицо,единственный,число,1176
преподавание,русский,язык,6786
кафедра,русский,язык,3409
русский,народный,говор,6013
лексический,значение,слово,6062
финно,угорский,язык,2425
синтаксис,русский,язык,6235
словарь,русский,народный,2138
научно,технический,информация,1605
система,русский,язык,4249
язык,вопрос,языкознание,5306
язык,народ,ссср,3110
татарский,литературный,язык,2444
вопрос,культура,речь,1477
институт,языкознание,ан,1721
языкознание,ан,ссср,2960
современный,английский,язык,37297
русский,язык,вв,3325
соискание,ученый,степень,3380
сравнительно,исторический,изучение,1381
грамматика,современный,русский,2155
известие,ан,ссср,5457
современный,немецкий,язык,16105
указ,раб,стр,2580
Автореф,канд,дисс,1701
тунгусо,маньчжурский,язык,1368
узбекский,литературный,язык,1214
лексико,семантический,группа,7905
сделать,следующий,вывод,2031
язык,ученый,записка,1994
язык,советский,тюркология,1155
сравнительный,грамматика,тюркский,1081
грамматика,тюркский,язык,2827
язык,алма,ата,1368
татарский,язык,казань,1556
язык,Автореф,канд,2204
второстепенный,член,предложение,1149
форма,настоящий,время,1440
литературный,язык,век,1436
сравнительно,исторический,грамматика,1882
ученый,степень,доктор,1004
карачаево,балкарский,язык,3661
экспериментально,фонетический,исследование,2430
гос,пед,ин,9438
словарный,состав,язык,2203
современный,татарский,литературный,1094
исторический,грамматика,русский,3338
международный,съезд,славист,1629
канд,филол,наука,175885
соиск,учить,степ,2355
учить,степ,канд,1877
степ,канд,филол,2170
лексико,семантический,вариант,2144
Моск,гос,пед,1887
языковой,картина,мир,35222
носитель,русский,язык,4222
когнитивный,точка,зрение,2015
преподавание,иностранный,язык,4625
модель,смысл,текст,1094
русский,язык,иностранец,1214
сложный,синтаксический,целый,1128
видо,временный,форма,1108
средство,массовый,информация,6264
российский,академия,наука,1958
институт,языкознание,ран,3714
позволять,сделать,вывод,2935
филологический,факультет,мгу,1895
система,часть,речь,1170
решение,поставлять,задача,2205
предложение,русский,язык,1295
внутренний,мир,человек,2007
наивный,картина,мир,1441
настоящий,исследование,являться,1371
лексико,семантический,поле,4269
внутренний,форма,слово,2051
обучение,иностранный,язык,3610
норма,русский,язык,1001
материал,французский,язык,1101
американский,вариант,английский,2134
вариант,английский,язык,4433
разный,часть,речь,1440
проблема,современный,лингвистика,1023
семантический,структура,предложение,1999
проблема,семантический,анализ,3028
семантический,анализ,лексика,2742
объект,исследование,являться,4253
государственный,педагогический,университет,4060
языковой,средство,выражение,2295
выражение,пространственный,отношение,1354
государственный,лингвистический,университет,1850
косвенный,речевой,акт,1609
основа,общий,теория,1022
играть,важный,роль,1514
предложный,падежный,форма,1467
русский,язык,семантический,1387
лингвистический,энциклопедический,словарь,11899
грамматический,средство,выражение,1062
список,использовать,литература,4344
антоним,русский,язык,1061
причинно,следственный,отношение,1313
новый,объяснительный,словарь,1634
объяснительный,словарь,синоним,1596
семантический,тип,предикат,1726
лексика,русский,язык,4703
логический,анализ,язык,16377
анализ,язык,язык,5497
тип,языковой,значение,5608
языковой,значение,оценка,2644
значение,оценка,событие,2641
оценка,событие,факт,2672
язык,русский,культура,23175
современный,этап,развитие,2449
известие,ан,серия,1149
ан,серия,литература,1075
Автореф,дис,докт,4609
дис,докт,филол,7347
докт,филол,наука,13236
русский,язык,лексика,2025
семантический,класс,глагол,1018
русский,разговорный,речь,6732
результат,проводить,исследование,2825
структура,представление,знание,1972
фрагмент,языковой,картина,1779
интегральный,описание,язык,2053
краткий,словарь,когнитивный,3908
словарь,когнитивный,термин,3929
метод,компонентный,анализ,2330
русский,языковой,сознание,2380
средство,массовый,коммуникация,1264
семантический,структура,слово,5723
русский,английский,словарь,1215
тип,лексический,значение,2417
коммуникативный,прагматический,аспект,3449
функционирование,русский,язык,1057
развитие,современный,русский,1224
анализ,язык,ментальный,1216
язык,ментальный,действие,1221
лексический,семантика,синонимический,2954
семантика,синонимический,средство,2911
синонимический,средство,язык,2972
решать,следующий,задача,1193
большой,российский,энциклопедия,5671
принцип,история,язык,1064
официально,деловой,стиль,1463
апробация,результат,исследование,1046
материал,русский,язык,5095
русский,языковой,картина,7081
словарь,новый,слово,2176
сознание,носитель,язык,1757
функционально,семантический,поле,6062
функционально,семантический,категория,3025
семантика,языковой,единица,4051
теория,речевой,деятельность,2834
вестник,московский,университет,3094
теория,речевой,акт,5976
средство,выражение,модальность,1297
лингвистический,анализ,текст,1244
речь,русский,язык,1298
коммуникативный,грамматика,русский,1089
единица,русский,язык,2016
работа,посвящать,исследование,1142
концептуальный,картина,мир,1971
анализ,языковой,единица,1566
материал,исследование,послужить,4477
аспект,речевой,деятельность,1417
история,английский,язык,1544
язык,русский,язык,4215
лексический,система,язык,2804
формирование,языковой,картина,1389
теория,речевой,жанр,1232
материал,немецкий,язык,2875
материал,английский,язык,6157
модель,пространство,время,1259
категория,определенность,неопределенность,1314
англо,русский,словарь,5163
философский,энциклопедический,словарь,2240
решение,следующий,задача,3593
данный,работа,являться,1286
языковой,сознание,носитель,1101
фразеологический,словарь,русский,4679
фразеология,русский,язык,1634
русский,язык,грамматический,4460
Полн,собр,соч,1504
русский,речевой,этикет,1492
стилистика,теория,поэтический,1521
теория,поэтический,речь,1689
поэтический,речь,поэтика,1493
несобственный,прямой,речь,2052
большой,толковый,словарь,2957
русский,язык,спб,1526
русский,язык,энциклопедия,3490
ученый,степень,кандидат,1707
степень,кандидат,филологический,1523
ан,ссср,серия,3537
ссср,серия,литература,2689
русский,язык,синтаксис,2791
синтаксис,простой,предложение,1808
константа,словарь,русский,3019
словарь,русский,культура,3126
русский,культура,опыт,1437
культура,опыт,исследование,1415
русский,язык,словарь,1435
императорский,академия,наука,1047
пословица,русский,народ,1269
текст,Отв,ред,1112
миф,народ,мир,1299
русский,язык,конец,3991
институт,лингвистический,исследование,1723
лингвистический,исследование,ран,1124
система,современный,русский,1374
методика,преподавание,иностранный,2360
сложный,синтаксический,целое,1272
стилистика,русский,язык,5534
язык,грамматический,учение,3936
лексико,семантический,система,4950
семантический,система,язык,3843
фонд,русский,язык,1593
развитие,русский,язык,1272
народ,российский,федерация,1004
советский,энциклопедический,словарь,1032
русский,язык,Вып,1115
литературный,язык,Автореф,2126
историко,этимологический,словарь,2147
этимологический,словарь,современный,1310
романо,германский,филология,1526
методика,преподавание,русский,1069
сравнительно,исторический,языкознание,1120
лексикология,русский,язык,2307
язык,конец,век,1226
большой,англо,русский,1898
общественно,политический,лексика,1954
уровень,языковой,система,1241
язык,система,язык,1130
система,язык,текст,1829
язык,текст,язык,1123
текст,язык,способность,1074
язык,конец,столетие,2032
семантика,русский,язык,2192
Изв,ан,ссср,6028
языковой,вкус,эпоха,1148
словообразовательный,словарь,русский,1434
словарь,русский,говор,1826
язык,средство,массовый,1175
специфика,языковой,сознание,1442
вариант,речевой,поведение,1065
доклад,международный,конференция,2606
вестник,мгу,серия,1466
лексика,современный,русский,2761
современный,французский,язык,5036
материал,международный,конференция,2252
языковой,личность,культурный,2062
личность,культурный,концепт,2053
ан,ссср,ин,6029
Дисс,канд,филол,9581
филол,наука,екатеринбург,2213
ран,сера,лит,1189
зарубежный,лингвистика,Вып,14168
русский,языковой,личность,1281
ассоциативный,вербальный,сеть,1016
наука,конец,век,2484
русский,язык,Изд,1345
межвузовский,сборник,научный,4728
сборник,научный,труд,11456
проблема,речевой,жанр,1193
жанр,речь,саратов,2854
вопрос,теория,речевой,1205
учебно,методический,пособие,1286
язык,культура,познание,3627
актуальный,проблема,лексикология,2686
национальный,культурный,специфика,7642
культурный,специфика,речевой,1740
специфика,речевой,поведение,1422
моделирование,социальный,взаимодействие,1376
языковой,концептуализация,мир,1629
материал,русский,грамматика,1315
Межвуз,сб,науч,6768
сб,науч,тр,16187
язык,познание,коммуникация,3405
науч,практ,конф,1558
словарь,лингвистический,термин,8360
смысловой,восприятие,речевой,1036
восприятие,речевой,сообщение,1064
Межвуз,сб,научн,1301
сб,научн,тр,1476
актуальный,проблема,русский,3706
материал,международный,научный,3489
научно,практический,конференция,14992
оглавление,ДИССЕРТАЦИИдоктор,филологический,1075
ДИССЕРТАЦИИдоктор,филологический,наука,1451
введение,диссертация,часть,9127
диссертация,часть,автореферат,15235
большой,советский,энциклопедия,1824
заключение,ДИССЕРТАЦИИпо,тема,11534
ДИССЕРТАЦИИпо,тема,русский,4586
тема,русский,язык,4627
список,литература,диссертационный,12978
литература,диссертационный,ИССЛЕДОВАНИЯдоктор,1522
диссертационный,ИССЛЕДОВАНИЯдоктор,филологический,1409
ИССЛЕДОВАНИЯдоктор,филологический,наука,1409
проблема,русский,словообразование,2949
научно,методический,конференция,2312
пед,ин,тов,2657
межвузовский,научный,конференция,1124
структурно,семантический,характеристика,1557
структурно,семантический,особенность,2983
научно,технический,терминология,4956
вопрос,романо,германский,1131
структурно,семантический,тип,1366
научный,доклад,высокий,1475
доклад,высокий,школа,1558
русский,язык,словообразование,1742
язык,тезис,доклад,1575
язык,актуальный,проблема,1364
русский,словообразование,ташкент,1014
московский,университет,серия,1216
университет,серия,филология,1397
русский,язык,вопрос,3662
структурно,семантический,анализ,1930
высокий,школа,филологический,1275
школа,филологический,наука,1432
материал,научный,конференция,1990
факультет,иностранный,язык,1300
сборник,научный,статья,2986
русский,язык,проблема,1992
функционирование,языковой,единица,1063
лексико,грамматический,разряд,1215
русский,язык,учебный,1527
язык,учебный,пособие,3566
научный,конференция,посвящать,1245
конференция,посвящать,летие,1909
русский,язык,филологический,1305
немецко,русский,словарь,1433
оглавление,ДИССЕРТАЦИИкандидат,филологический,9957
ДИССЕРТАЦИИкандидат,филологический,наука,12932
вывод,введение,диссертация,2487
системно,структурный,образование,1056
анализ,художественный,текст,4633
актуальность,исследование,определяться,1172
метод,сплошной,выборка,4155
данный,диссертационный,исследование,2360
диссертационный,исследование,заключаться,1234
теоретический,значимость,работа,3846
значимость,работа,состоять,1844
лингвистический,анализ,художественный,2196
основной,положение,диссертация,3311
актуальность,тема,исследование,1024
поставлять,цель,предполагать,1217
цель,предполагать,решение,1779
предполагать,решение,следующий,1730
практический,ценность,исследование,1025
серия,гуманитарный,наука,1225
СПИСОК,литература,диссертационный,1223
литература,диссертационный,ИССЛЕДОВАНИЯкандидат,13477
диссертационный,ИССЛЕДОВАНИЯкандидат,филологический,12816
ИССЛЕДОВАНИЯкандидат,филологический,наука,12816
избранный,работа,семиотика,1310
работа,семиотика,поэтика,1328
русский,художественный,литература,1198
литературный,язык,вв,1317
язык,художественный,проза,1750
избранный,труд,лексикология,1540
функциональный,семантика,оценка,2379
разный,уровень,язык,1635
содержание,слово,значение,1025
язык,Автореф,дис,25939
развитие,словарный,состав,1197
язык,сборник,статья,1144
ВВЕДЕНИЕ,диссертация,часть,1429
практика,преподавание,русский,1095
научный,новизна,исследование,4015
практический,значимость,работа,3340
введение,четыре,глава,1434
четыре,глава,заключение,1185
глава,заключение,список,4561
заключение,список,использовать,2943
аспект,семантический,исследование,2332
теория,семантический,поле,1607
метод,семантический,исследование,2805
основной,тип,лексический,1331
материал,международный,научно,1526
международный,научно,практический,6535
национальный,образ,мир,1238
русский,ассоциативный,словарь,2313
компонент,содержательный,структура,1002
национальный,культурный,компонент,1201
лексический,средство,выражение,1072
толковый,словарь,современный,1224
роль,человеческий,фактор,6254
структура,значение,слово,1465
языковой,номинация,вид,2289
номинация,вид,наименование,2244
языковой,значение,связанный,1045
значение,связанный,значение,1045
связанный,значение,слово,1322
языковой,единица,доклад,1101
языковой,сознание,русский,1286
этнокультурный,специфика,языковой,1276
Лексико,семантический,группа,2671
семантический,группа,слово,1457
язык,языковой,механизм,1814
языковой,механизм,экспрессивность,1683
лексикология,современный,русский,1197
семасиология,русский,язык,1179
актуальный,проблема,современный,2491
данный,исследование,являться,1479
значимость,работа,заключаться,2416
основной,положение,выносить,1702
язык,Уч,зап,1589
конец,начало,вв,1426
гос,пед,уна,6605
Дис,канд,филол,26697
Автореф,дис,канд,58837
дис,канд,филол,110217
филол,наука,уфа,2050
Дис,докт,филол,1680
языкознание,большой,энциклопедический,2496
большой,энциклопедический,словарь,4816
энциклопедический,словарь,Гл,4147
словарь,Гл,ред,4260
текст,художественный,произведение,1499
предмет,исследование,являться,2943
использоваться,следующий,метод,1013
апробация,работа,основной,4050
работа,основной,положение,3517
международный,научный,конференция,10635
конференция,молодой,ученый,2118
глава,заключение,библиография,2141
приложение,заключение,ДИССЕРТАЦИИпо,2059
диссертационный,исследование,посвящать,1403
исследование,посвящать,изучение,1304
язык,часть,речь,1070
лингвистика,Вып,теория,1609
Вып,теория,речевой,2185
проблема,функциональный,грамматика,1595
Автореф,канд,филол,2151
теория,функциональный,грамматика,4629
язык,учеба,пособие,3894
вестник,мгу,сера,2800
мгу,сера,филология,1515
структура,художественный,текст,2975
основа,лингвистический,теория,1852
текст,Дис,канд,1699
филол,наука,волгоград,4118
Вып,лингвистика,текст,1195
русский,язык,учеба,2475
русский,язык,Дис,2867
язык,Дис,канд,8961
новизна,исследование,состоять,1099
язык,предмет,исследование,1131
анализ,словарный,дефиниция,1031
практический,значимость,исследование,2245
значимость,исследование,заключаться,1848
всероссийский,научный,конференция,2906
тема,диссертация,опубликовывать,1788
защита,выноситься,следующий,6517
выноситься,следующий,положение,5792
структура,работа,диссертация,2931
работа,диссертация,состоять,3191
глава,заключение,библиографический,1335
заключение,библиографический,список,1498
данные,язык,попытка,1338
язык,попытка,системный,1346
попытка,системный,описание,1368
лексико,фразеологический,семантика,1476
фразеологический,семантика,язык,1444
язык,воронеж,Изд,1321
воронеж,гос,уна,2121
Автореф,дисс,докт,1664
дисс,докт,филол,2291
филол,наука,краснодар,2580
школа,язык,русский,6783
Автореф,дисс,канд,16240
дисс,канд,филол,22635
филол,наука,спб,5096
язык,филологический,наука,1926
разновидность,интерпретировать,подход,1232
русский,язык,ростов,1913
машинный,фонд,русский,1125
вестник,Моск,уна,1040
объективный,картина,мир,1679
начальный,этап,становление,1007
англо,русский,фразеологический,1526
русский,фразеологический,словарь,2872
фразеология,современный,английский,1407
Лакофф,Дж,джонсон,1041
русский,семантический,словарь,1241
русский,язык,Автореф,8937
язык,Автореф,дисс,7152
лингвистика,Вып,когнитивный,1098
Вып,когнитивный,аспект,1473
когнитивный,аспект,язык,2356
фразеология,современный,русский,2181
анализ,языковой,материал,1291
значимость,работа,определяться,1125
следующий,задача,определять,1104
методологический,основа,исследование,1691
филол,наука,саратов,2971
аспект,Автореф,дис,1785
текст,учебный,пособие,2504
филол,наука,тверь,1360
док,филол,наука,1729
дисс,канд,филолог,1068
канд,филолог,наука,5498
век,Автореф,дис,1175
стилистика,английский,язык,2517
пражский,лингвистический,кружок,2072
английский,язык,Автореф,9479
дис,доктор,филол,1212
доктор,филол,наука,3159
семантический,исследование,семантика,1051
исследование,семантика,время,1010
русский,язык,семантика,1485
метафора,теория,метафора,1686
фрагмент,русский,языковой,2244
аспект,семантика,номинативный,1798
семантика,номинативный,единица,1859
интерпретация,художественный,текст,2399
словарь,справочник,лингвистический,1698
справочник,лингвистический,термин,1808
качество,объект,исследование,1003
языковый,картина,мир,1959
иванов,Вяч,вс,1153
служебный,часть,речь,1335
свободный,ассоциативный,эксперимент,1454
научный,новизна,работа,3996
язык,русский,поэзия,1422
эстетика,словесный,творчество,3024
Сб,науч,тр,13292
стилистика,художественный,речь,1163
известие,ран,серия,1181
объект,лингвистический,исследование,5023
филол,наука,томск,1981
психолингвистический,проблема,семантика,1017
филол,наука,минск,2064
язык,речь,речевой,1068
речь,речевой,деятельность,1773
Концептосфера,русский,язык,1897
анализ,поэтический,текст,1206
филол,наука,барнаул,1337
текст,Автореф,дис,4117
система,язык,воронеж,1256
текст,Автореф,дисс,1160
язык,коммуникация,модальность,1199
коммуникация,модальность,дейксис,1152
энциклопедия,Гл,ред,1085
киев,Наукова,думка,1595
языковой,личность,проблема,2193
науч,тр,Вып,1288
художественный,текст,текст,1666
картина,мир,роль,1323
мир,роль,человеческий,1298
актуальность,данный,исследование,1195
русский,поэзия,век,1370
теоретический,значимость,диссертация,1542
актуальный,проблема,лингвистика,1338
урал,гос,пед,1807
междунар,науч,конф,1774
позволять,сделать,следующий,1303
ЛЭС,лингвистический,энциклопедический,1113
Автореф,канд,дис,1267
Вестн,Моск,уна,1122
текст,вопрос,языкознание,1085
проблема,структурный,лингвистика,4991
языковой,значение,семантика,1378
значение,семантика,производный,1351
семантика,производный,слово,2122
слово,вопрос,языкознание,1550
язык,различный,тип,2886
новизна,работа,заключаться,1975
теоретический,основа,исследование,2093
национальный,культурный,особенность,1059
немецкий,язык,текст,2005
филол,наука,воронеж,3178
немецкий,язык,Автореф,3879
сопоставительный,изучение,язык,1339
филол,наука,одесса,1308
общий,теория,перевод,1319
основной,метод,исследование,1486
новизна,исследование,заключаться,2003
синтаксис,современный,русский,3840
проводить,исследование,позволять,1093
теоретический,проблема,синтаксис,1113
структура,простой,предложение,1912
строй,русский,язык,1223
сб,науч,труд,3015
общий,языкознание,внутренний,1064
языкознание,внутренний,структура,1065
внутренний,структура,язык,1111
Пешковский,русский,синтаксис,1960
русский,язык,Дисс,1124
структурно,семантический,организация,1198
новизна,работа,состоять,1172
диссертация,диссертация,состоять,1023
стилистика,современный,английский,2199
ан,ссср,сера,5430
ссср,сера,лит,4367
русский,язык,Сб,1188
язык,Сб,статья,1342
филол,наука,киев,4153
стиль,современный,русский,1047
язык,Межвуз,сб,1095
Сб,научн,тр,1547
филол,наука,ростов,2561
текст,Сб,науч,1573
Сб,науч,труд,3532
филол,наука,казань,2234
бодуэн,де,Куртене,1091
теоретический,значимость,исследование,3095
значимость,исследование,состоять,1400
общий,теория,грамматика,1113
современный,лингвистический,семантика,1242
теория,художественный,речь,1101
языковой,номинация,общий,2297
номинация,общий,вопрос,2311
язык,разный,система,1256
лингвистический,теория,значение,1201
трехмерный,пространство,язык,1041
имя,предикат,предложение,1210
создание,языковой,картина,1092
первый,глава,глава,1057
глава,введение,диссертация,3244
актуальность,исследование,обусловливать,1074
проблема,когнитивный,лингвистика,3299
история,лингвистический,учение,1298
Лексико,семантический,поле,1797
семантический,группа,глагол,1557
автореферат,дисс,канд,1825
лексический,значение,принцип,1223
ОГЛАВЛЕНИЕ,ДИССЕРТАЦИИкандидат,филологический,1907
достижение,поставлять,цель,3009
лингвистика,Вып,лингвистический,1816
национальный,картина,мир,2102
семантика,фразеологический,единица,1502
язык,Отв,ред,2405
коннотативный,аспект,семантика,1963
атлас,русский,народный,1487
научный,новизна,диссертация,1458
коммуникативный,аспект,русский,1542
аспект,русский,синтаксис,1465
когнитивный,аспект,языковой,1367
аспект,языковой,категоризации,1147
наука,Ленингр,отд,2527
функциональный,грамматика,Темпоральность,1004
картина,мир,модель,1389
мир,модель,пространство,1206
вопрос,грамматический,строй,1128
авто,реф,дис,1031
ван,язык,познание,1749
текст,учеба,пособие,4433
актуальный,членение,предложение,2396
вопрос,французский,язык,2346
филол,наука,баку,1423
русский,язык,опыт,1134
очерк,функциональный,синтаксис,1274
функциональный,синтаксис,русский,1241
филол,наука,алма,1718
наука,алма,ата,1928
речь,Автореф,дис,1695
единица,разный,уровень,2564
грамматика,немецкий,язык,1642
современный,американский,лингвистика,1022
материал,современный,русский,1437
Вып,лингвистический,прагматика,1921
избранный,труд,исследование,1124
грамматический,строй,язык,1413
глава,теоретический,основа,1206
материал,всероссийский,научный,1065
проблема,речевой,коммуникация,1309
анализ,язык,культурный,2725
язык,культурный,концепт,2749
база,исследование,послужить,1005
речевой,акт,новое,1755
английский,язык,Дис,3722
внутри,мыслящий,мир,1020
мир,человек,текст,1494
всероссийский,научно,практический,2192
цель,исследование,являться,1182
Сб,научн,труд,1255
лингвистический,проблема,научно,1439
проблема,научно,технический,1625
словарь,разный,тип,1248
акад,наука,ссср,1664
филол,наука,ташкент,1212
решаться,следующий,задача,1387
автореферат,дис,канд,2796
новый,литературный,обозрение,2019
научный,картина,мир,1151
НДВШ,филологический,наука,1368
семантика,русский,глагол,1858
язык,автореферат,дис,1117
филол,наука,тбилиси,1232
средство,выражение,категория,1451
язык,Дисс,канд,3173
ИНИОН,ан,ссср,1148
канд,филос,наука,1087
художественный,картина,мир,1766
русский,фразеология,семантический,2262
фразеология,семантический,прагматический,2230
русский,язык,исторический,1974
Сб,научный,труд,1886
диссертационный,исследование,являться,1782
морфологический,структура,слово,1076
тверь,Твер,гос,1563
Твер,гос,уна,2079
курс,общий,лингвистика,1781
русский,литература,век,1246
практический,ценность,работа,2273
лингвистика,текст,материал,1051
компонент,семантический,структура,1027
предложение,вопрос,языкознание,1111
Моск,гос,уна,1372
фи,лола,наука,1255
филол,наука,иркутск,1112
де,курс,общий,1032
конференция,актуальный,проблема,1541
язык,русый,культура,1059
Автореф,Дис,канд,1075
дис,канд,фил,2347
канд,фил,наука,5078
структура,текст,антология,1839
материал,современный,немецкий,1286
иностр,лит,ры,1520
воронежский,государственный,университет,2035
русский,язык,текст,13778
сравнительно,сопоставительный,анализ,1341
язык,учить,зап,1039
список,использовать,словарь,1220
Междунар,науч,конф,1402
филол,наука,москва,1699
лексический,атлас,русский,1431
московский,университет,сера,1395
университет,сера,филология,1309
настоящий,диссертационный,исследование,2185
теоретический,база,исследование,1650
теория,часть,речь,1257
расти,акад,наука,1133
язык,Сб,науч,2048
результат,диссертационный,исследование,1320
киев,Вища,школа,1916
текст,текст,текст,6536
смысл,Логико,семантический,1107
Логико,семантический,проблема,1105
Сб,науч,ст,1351
Сб,статья,Отв,1197
статья,Отв,ред,2077
энциклопедический,словарь,языкознание,1088
теоретический,грамматика,французский,1111
грамматика,французский,язык,1423
лексикология,английский,язык,2394
заключение,список,литература,1122
немецкий,разговорный,речь,1285
анализ,язык,образ,1051
язык,образ,человек,1070
грамматика,современный,английский,1106
диссертационный,исследование,состоять,1525
язык,социальный,статус,1382
теория,речевой,воздействие,1107
анализ,фразеологический,единица,1578
речь,саратов,Изд,1100
вестник,челябинский,государственный,1165
дискурс,языковой,личность,1103
Ленингр,отд,ние,2582
газетный,публицистический,стиль,1395
французский,язык,Автореф,1472
филол,наука,пятигорск,1273
материал,современный,английский,2276
фразеологический,картина,мир,1248
язык,список,литература,1059
авторский,картина,мир,1064
студент,пед,ин,1108
языковой,личность,текст,1376
проблема,межкультурный,коммуникация,1160
науч,тр,Отв,1009
тр,Отв,ред,1171
картина,мир,текст,2149
ран,серия,литература,1035
фон,избранный,труд,1410
теоретический,грамматика,английский,1065
грамматика,английский,язык,2889
науч,тр,МГПИИЯ,1342
английский,язык,Дисс,1137
яз,русый,культура,1206
автореф,дис,канд,31484
данный,диссертационный,работа,1106
диссертация,кандидат,филологический,1089
вносить,определенный,вклад,1900
ст,Отв,ред,1229
гос,гуманит,уна,1338
сб,науч,ст,1864
методологический,база,исследование,1301
язык,сознание,коммуникация,1874
дис,канд,филолог,2397
материал,междунар,науч,1056
исследователь,русский,язык,1173
науч,тр,волгоград,2084
немецкий,язык,Дис,1259
русский,язык,сегодня,1449
государственный,университет,серия,1461
английский,язык,учеба,1033
язык,язык,пространство,1914
челябинский,государственный,университет,1237
высш,учеба,заведение,1883
филол,наука,махачкала,2841
речевой,деятельность,текст,1239
точка,зрение,роль,1022
современный,китайский,язык,1089
язык,дагестан,махачкала,1087
казан,татарин,кит,1487
татарин,кит,нэшр,1446
отраслевой,лексика,дагестанский,1048
лексика,дагестанский,язык,1389
энциклопедический,словарь,русский,1568
издательский,центр,академия,2568
концепт,прецедентный,текст,1202
синтаксис,английский,язык,1291
русский,язык,автореф,2655
вопрос,когнитивный,лингвистика,2900
кабардино,черкесский,язык,2016
сравнительный,типология,английский,1295
филологический,факультет,СПбГУ,1091
иберийский,кавказский,язык,2386
межвуз,сб,науч,3280
филологический,анализ,текст,1362
энциклопедический,словарь,гл,1342
словарь,гл,ред,1406
немецкий,литературный,язык,1040
фак,иностр,яз,1446
ДИССЕРТАЦИИпо,тема,германский,2552
тема,германский,язык,2552
текст,дис,канд,6699
английский,язык,дис,1725
язык,дис,канд,4791
английский,язык,автореф,2485
корпус,русский,язык,3338
теория,межкультурный,коммуникация,1004
английский,язык,текст,6169
студ,высш,учеба,1169
ДИССЕРТАЦИИпо,тема,теория,2022
тема,теория,язык,2022
язык,культура,коммуникация,1477
объект,междисциплинарный,исследование,1364
ДИССЕРТАЦИИпо,тема,сравнительно,1519
тема,сравнительно,исторический,1524
сравнительно,исторический,типологический,1686
дагестанский,язык,махачкала,1319
лезгинский,язык,махачкала,1030
язык,автореф,дис,8135
исторический,грамматика,тюркский,1259
ДИССЕРТАЦИИпо,тема,язык,1043
тема,язык,народ,1043
труд,международный,конференция,1594
казать,тат,кит,1453
тат,кит,нэшр,1565
автореф,дисс,канд,3384
язык,славянский,культура,13617
язык,исторический,судьба,1798
конгресс,исследователь,русский,1083
текст,автореф,дис,10400
литературный,язык,текст,1457
посредство,ключевой,слово,1143
спб,филологический,факультет,1093
методологический,проблема,когнитивный,2725
карасик,языковой,личность,1160
когнитивный,лингвистика,воронеж,1835
путь,получение,знание,1025
Стернин,воронеж,Изд,1069
личность,концепт,становление,1129
концепт,становление,антропоцентрический,1068
становление,антропоцентрический,парадигма,1100
Лингвокультурология,языковой,личность,1123
языковой,личность,концепт,1178
французский,язык,текст,1250
русский,язык,дис,1546
международный,конференция,диалог,2843
национальный,корпус,русский,3046
стилистический,энциклопедический,словарь,1561
электронный,ресурс,электронный,2210
ресурс,электронный,ресурс,1822
ресурс,режим,доступ,16968
языковой,круг,личность,2471
круг,личность,концепт,2524
личность,концепт,дискурс,2541
издание,рекомендовать,ВАК,1525
филол,наука,текст,4753
когнитивный,лингвистика,текст,1293
электронный,ресурс,режим,16402
аспект,автореф,дис,1348
режим,доступ,электронный,3914
доступ,электронный,ресурс,3877
основа,теория,дискурс,1129
энциклопедический,словарь,текст,1540
автореф,дис,докт,1855
язык,электронный,ресурс,1841
язык,текст,автореф,2735
учебный,пособие,текст,1130
текст,автореф,дисс,1029
язык,текст,дис,1902
режим,доступ,Загл,1007
режим,доступ,свободный,3209
доступ,свободный,Загл,1061
режим,доступ,дата,7718
доступ,дата,обращение,7705
дата,обращение,электронный,7695
доступ,режим,доступ,1016
обращение,электронный,ресурс,7598
урало,алтайский,исследование,4768
электронный,ресурс,дата,13853
ресурс,дата,обращение,13691
дата,обращение,дата,4415
обращение,дата,обращение,4415
филологический,наука,вопрос,1170
наука,вопрос,теория,1171
книжный,дом,ЛИБРОКОМ,1615
образование,новый,слово,999
институт,иностранный,язык,999
слушать,вариант,речевой,999
семиотика,политический,дискурс,998
текст,лингвистика,текст,997
частота,основной,тон,996
грамматика,Темпоральность,модальность,996
язык,народ,российский,996
основа,теория,речевой,995
лексикология,современный,английский,993
культурный,концепт,волгоград,992
язык,память,образ,992
современный,толковый,словарь,991
преподаватель,русский,язык,991
актуальность,настоящий,исследование,991
диалект,даргинский,язык,989
номинативный,аспект,речевой,989
словарь,электронный,ресурс,988
лингвистический,исследование,текст,988
смысловой,структура,текст,987
словообразование,современный,русский,986
текст,русский,язык,985
учеба,пособие,текст,984
содержательный,структура,слово,984
принцип,функциональный,грамматика,983
язык,улан,удэ,982
лингвистический,теория,текст,982
норма,литературный,язык,981
язык,речевой,действие,981
причастие,прошедший,время,979
зрение,роль,язык,979
мир,русский,слово,979
языковой,личность,институциональный,979
когнитивный,исследование,язык,976
русский,язык,материал,975
грамматический,строй,русский,974
школа,анализ,дискурс,974
воронежский,гос,уна,973
лингвистика,учебный,пособие,972
язык,семантика,нарратива,972
преподавание,английский,язык,972
слово,категория,состояние,970
русский,народный,сказка,968
сознание,носитель,русский,968
изучение,тюркский,язык,966
томский,государственный,университет,965
краткий,этимологический,словарь,965
русский,язык,автореферат,965
тактика,русский,речь,965
современный,башкирский,язык,964
русский,лексика,словарный,963
язык,научный,новизна,963
личный,форма,глагол,962
язык,теоретический,значимость,961
временный,форма,глагол,959
древнерусский,язык,вв,957
тип,словесный,знак,957
языковой,единица,разный,957
синтаксис,современный,немецкий,956
лексический,значение,глагол,955
современный,русский,лексикография,954
влияние,русский,язык,951
французский,школа,анализ,950
психология,когнитивный,наука,948
история,немецкий,язык,944
словарь,славянский,язык,943
лексика,словарный,материал,943
история,языкознание,век,943
история,язык,русский,942
терминология,вопрос,теория,942
жанр,жанр,речь,942
практика,лингвистический,описание,941
форма,будущий,время,936
лингвистика,учеба,пособие,936
современный,русский,язык,935
язык,язык,речевой,935
лингвистика,языковой,существование,935
русский,национальный,язык,934
анализ,язык,модель,934
фразеологический,единица,русский,932
проблема,лексический,семантика,932
фразеологизм,русский,язык,931
словарь,английский,язык,931
метод,лингвистический,исследование,930
функционально,стилистический,аспект,929
память,образ,лингвистика,929
язык,модель,действие,929
проблема,культура,речь,925
русский,личный,имя,925
значимость,диссертационный,исследование,925
научно,технический,термин,924
текст,электронный,ресурс,923
русский,язык,морфология,922
большой,словарь,русский,919
различный,часть,речь,917
язык,язык,этика,917
история,русский,литература,916
образ,лингвистика,языковой,916
синтаксический,организация,предложение,915
значимость,диссертация,заключаться,915
описание,разговорный,речь,915
функционирование,коммуникативный,прагматический,914
структура,лексико,семантический,912
носитель,английский,язык,910
вариантность,фразеологический,единица,909
принцип,современный,лингвистика,909
теоретический,грамматика,современный,908
развитие,литературный,язык,907
квадратура,смысл,французский,905
смысл,французский,школа,904
философский,анализ,язык,904
русский,политический,метафора,903
картина,мир,язык,902
язык,теоретический,курс,902
научно,аналитический,обзор,902
очерк,история,язык,901
вопрос,психолингвистика,теоретический,900
средство,русский,язык,899
форма,повелительный,наклонение,899
функциональный,стиль,современный,899
проблема,язык,наука,898
лексика,русский,литературный,897
теоретический,значимость,диссертационный,897
немецкий,язык,автореф,897
аспект,дис,канд,896
язык,иностранный,язык,895
языковой,сознание,формирование,895
следующий,метод,исследование,894
литературный,язык,конец,893
современный,азербайджанский,язык,893
современный,индоевропейский,язык,892
функциональный,грамматика,введение,892
этимологический,словарь,славянский,891
лингвистика,Вып,лингвистика,891
словарь,антоним,русский,890
морфология,русский,язык,889
проблема,синтаксис,современный,889
научно,исследовательский,институт,888
русский,язык,труд,888
анализ,структура,значение,888
основа,английский,фразеология,886
система,английский,язык,884
лингвистика,психология,когнитивный,884
английский,язык,учебник,884
фразеологический,состав,язык,883
исторический,лексикология,русский,882
речь,сб,науч,880
русский,язык,язык,879
речь,вопрос,языкознание,879
язык,сборник,научный,879
лексика,английский,язык,879
грамматический,категория,глагол,878
живой,разговорный,речь,877
функционально,семантический,анализ,877
лексический,система,русский,876
проблематика,определение,термин,876
современный,монгольский,язык,875
синтаксический,средство,выражение,875
указание,конкретный,язык,872
современный,испанский,язык,871
фразеологический,единица,современный,866
значение,принцип,семиологического,866
вопрос,синтаксис,современный,865
оптимизация,речевой,воздействие,865
семиологического,описание,лексика,863
зарубежный,лингвистика,вып,863
форма,родительный,падеж,862
знаменательный,часть,речь,862
общий,теория,имя,862
структура,лексический,значение,862
развитие,лексика,современный,861
современный,татарский,язык,860
язык,практический,значимость,859
теория,литература,поэтика,857
текст,дисс,канд,856
лингвистический,описание,разговорный,856
эволюция,лингвистический,идея,855
грамматический,категория,текст,852
язык,языковой,личность,851
язык,Сб,ст,851
словарный,состав,современный,850
синтаксис,русский,разговорный,850
становление,когнитивизма,лингвистика,849
английский,язык,стилистика,849
диалект,татарский,язык,848
памятник,древнетюркский,письменность,846
основа,общий,языкознание,846
вопрос,стилистика,саратов,846
изучение,иностранный,язык,844
научно,исследовательский,работа,844
практический,значимость,диссертация,844
иметь,большой,значение,843
научно,технический,текст,843
классификация,иллокутивный,акт,843
Семантико,синтаксический,организация,843
когнитивизма,лингвистика,психология,842
словарь,русский,пословица,841
городской,устный,речь,841
язык,автореф,дисс,841
словообразование,русский,язык,841
жанр,речь,сборник,840
синтаксис,современный,индоевропейский,839
проблема,грамматический,семантика,838
современный,узбекский,литературный,837
степень,доктор,филологический,837
словарь,литературоведческий,термин,837
русский,язык,теоретический,837
морфология,английский,язык,835
язык,различный,строй,834
жанр,речь,сб,834
стилистика,французский,язык,832
общий,языкознание,форма,830
логический,словарь,справочник,829
языкознание,форма,существование,829
когнитивный,теория,метафора,827
вопрос,теория,перевод,827
щерба,языковой,система,827
лицо,множественный,число,826
теория,морфологический,категория,826
лингвистический,точка,зрение,824
некоторый,вопрос,теория,824
сравнительно,сопоставительный,метод,822
вестник,томский,государственный,822
функция,история,язык,822
мгу,серия,филология,821
значение,слово,вопрос,819
аспект,языковой,явление,818
психолингвистический,исследование,слово,818
аспект,Дис,канд,817
актуальный,проблема,филология,815
современный,германский,язык,815
теория,метафора,сборник,815
стилистика,немецкий,язык,815
лексико,семантический,уровень,812
лексико,грамматический,класс,812
семантический,структура,глагол,812
исследование,послужить,текст,812
семантика,курс,лекция,812
зарубежный,лингвистика,выпуск,811
когнитивный,семантика,курс,811
изучать,русский,язык,810
глагол,совершенный,вид,810
материал,русский,английский,810
именной,часть,речь,809
словообразовательный,система,русский,808
русский,речь,русский,807
прибалтийский,финский,язык,806
передача,чужой,речь,806
значимость,исследование,определяться,806
производный,национальный,менталитет,806
национальный,языковой,картина,805
язык,второй,половина,803
культурный,концепт,Сб,803
русский,славянский,языкознание,803
вопрос,русский,языкознание,802
проблема,современный,филология,802
конференция,русский,язык,801
понимание,связный,текст,801
язык,известие,ан,800
язык,Изв,ан,799
серия,филологический,наука,799
язык,стилистика,декодирование,799
семантический,пространство,язык,798
текст,Межвуз,сб,798
русский,язык,Уч,798
язык,автореферат,дисс,797
разный,языковой,уровень,796
семантический,структура,высказывание,796
структурно,семантический,модель,795
лексика,разговорный,употребление,795
образный,средство,язык,794
сопоставительный,анализ,фразеологический,794
название,часть,тело,793
русский,язык,составлять,792
тип,языковой,личность,792
лексика,тюркский,язык,791
прикладной,лингвистика,Вып,791
дискурс,волгоград,перемена,791
современный,казахский,язык,790
текст,текст,структура,788
форма,единственный,число,786
сравнительный,типология,французский,786
когнитивный,анализ,предметный,785
анализ,предметный,имя,785
межкультурный,коммуникация,текст,785
норма,русский,литературный,783
таджикский,литературный,язык,783
русский,язык,воронеж,783
русский,язык,языковой,782
экспрессивный,лексика,разговорный,782
проблема,вербализация,концепт,782
основа,культура,речь,781
строй,тюркский,язык,780
языкознание,Отв,ред,779
язык,энциклопедия,Гл,779
башкирский,литературный,язык,777
синтаксический,структура,предложение,777
вариант,испанский,язык,777
словарь,иноязычный,слово,777
аварский,литературный,язык,777
современный,лингвистический,исследование,775
язык,избранный,труд,774
язык,логический,анализ,774
спорный,проблема,семантика,774
мгу,сера,лингвистика,773
славянский,языкознание,международный,770
речь,Сб,науч,770
вопрос,синтаксис,русский,769
национальный,литературный,язык,768
неличный,форма,глагол,767
проблема,прикладной,лингвистика,767
основа,структурный,синтаксис,767
инвариантный,синтаксический,значение,766
концепт,волгоград,архангельск,766
дискурс,автореф,дис,766
социолингвистический,аспект,изучение,766
часть,сложный,предложение,765
лексико,тематический,группа,765
языковой,личность,автор,764
коммуникативный,единица,язык,763
научно,технический,перевод,761
диалект,аварский,язык,761
коми,пермяцкий,язык,760
институт,язык,литература,759
анализ,семантический,структура,759
языкознание,международный,съезд,759
язык,дисс,канд,759
тип,фразеологический,единица,758
типологический,анализ,язык,757
аспект,изучение,текст,757
семантика,художественный,текст,756
сопоставительный,грамматика,русский,755
общеславянский,лингвистический,атлас,755
памятник,деловой,письменность,754
порождение,речевой,высказывание,753
воронеж,воронежский,государственный,752
речевой,жанр,жанр,752
структура,сложный,предложение,751
социальный,дифференциация,язык,751
когнитивный,лингвистика,тамбов,751
фонетика,современный,русский,750
поэтический,картина,мир,750
проблема,лингвистика,философия,750
художественный,текст,Автореф,749
эмоционально,оценочный,лексика,748
общий,лингвистика,текст,747
русский,грамматика,текст,747
татарский,русский,словарь,746
компонент,значение,слово,746
использование,языковый,единица,745
русский,язык,казань,744
диалект,хантыйский,язык,744
уровень,грамматический,строй,744
значение,слово,воронеж,743
состав,русский,литературный,742
существительное,мужской,род,741
являться,неотъемлемый,часть,741
текст,филологический,наука,741
даргинский,язык,махачкала,740
лексико,фразеологический,поле,740
устойчивый,словесный,комплекс,740
язык,народ,сибирь,739
иберийский,кавказский,языкознание,739
история,тюркский,язык,738
форма,существование,язык,738
мир,вопрос,языкознание,738
метод,контекстуальный,анализ,738
морфология,тюркский,язык,737
язык,текст,учеба,737
русский,язык,ученый,736
текст,отв,ред,736
семантический,поле,глагол,735
анализ,язык,различный,735
когнитивный,лингвистика,научный,734
апресян,вопрос,языкознание,734
семиотический,проблема,лингвистика,733
лингвистика,философия,искусство,733
единица,доклад,международный,731
анализ,значимый,единица,731
символ,лингвокультурные,концепт,730
референциальный,аспект,семантика,729
свойство,языковой,система,729
описание,вопрос,языкознание,729
принцип,типологический,анализ,729
изучение,современный,русский,729
проблема,экспрессивный,стилистика,729
разный,уровень,грамматический,729
курс,современный,русский,728
лингвистика,научный,издание,728
предложение,Автореф,дис,727
слово,Автореф,дис,727
отражение,картина,мир,726
толковый,словарь,иноязычный,725
речь,саратов,колледж,725
частотный,словарь,русский,724
курс,лингвистический,семантика,723
текст,сб,науч,723
число,имя,существительное,722
простой,предложение,современный,722
язык,семиотический,проблема,722
русский,исторический,лексикология,720
язык,объект,исследование,720
язык,урало,алтайский,719
словарь,язык,пушкин,717
пространство,язык,семиотический,716
семантический,форма,мышление,716
выражение,модальный,значение,715
структура,семантический,поле,715
развитие,русский,литературный,714
словообразование,имя,существительное,714
языковой,личность,социолингвистический,714
опыт,изучение,лексика,714
проблема,учебный,лексикография,714
университет,серия,лингвистика,713
глагол,несовершенный,вид,712
научно,популярный,текст,712
современный,проблема,русский,712
лингвокультурные,концепт,прецедентный,712
современный,лингвистический,наука,711
значение,лексический,единица,711
финно,угорский,языкознание,710
словарь,ассоциативный,норма,710
английский,язык,автореферат,710
английский,язык,являться,710
местоимение,го,лицо,709
академический,словарь,русский,709
литературный,язык,первый,709
художественный,прозаический,текст,709
язык,тез,докл,709
аспект,семантика,местоимение,708
новый,словарь,русский,708
современный,узбекский,язык,707
часть,тело,человек,707
анализ,язык,проблема,707
номинация,языковой,номинация,707
альтернативный,мир,дискурс,707
русский,язык,история,706
русский,язык,советский,705
выбор,языковой,средство,705
мир,дискурс,факт,705
выражение,русский,язык,704
значимый,единица,язык,704
научный,стиль,речь,704
философский,проблема,языкознание,704
индивидуально,авторский,картина,703
связь,языковой,единица,703
речевой,практика,масса,703
проблема,речевой,общение,702
описание,лексико,семантический,701
вопрос,семантика,фразеологический,701
английский,языковой,картина,701
язык,начало,век,700
причастие,настоящий,время,700
международный,филологический,конференция,699
тема,диссертационный,исследование,699
язык,конец,начало,698
кафедра,иностранный,язык,698
введение,обосновываться,актуальность,698
речевой,акт,текст,698
время,русский,глагол,698
русский,язык,представлять,697
метод,лингвистический,анализ,696
современный,разговорный,речь,695
тип,речевой,культура,695
однородный,член,предложение,694
метод,исследование,являться,694
теория,перевод,лингвистический,694
разговорный,речь,текст,694
вопрос,теория,часть,693
функционально,смысловой,тип,693
английский,язык,вопрос,693
слово,русский,словесность,693
предметный,имя,семантика,692
значимость,диссертация,состоять,692
тендер,язык,культура,692
современный,словарь,иностранный,692
язык,первый,половина,691
русский,язык,Сост,691
современный,языковой,ситуация,691
язык,материал,исследование,691
национальный,русский,двуязычие,689
функционально,семантический,аспект,689
проблема,языковой,картина,688
концепт,дискурс,волгоград,688
язык,отв,ред,688
выражение,временный,отношение,687
русский,язык,саратов,684
труд,институт,лингвистический,684
национальный,культурный,аспект,684
проблема,русский,терминология,684
говор,азербайджанский,язык,682
история,литературный,язык,682
аспект,изучение,современный,682
Грамматико,лексический,поле,682
русский,литературный,произношение,681
функциональный,тип,лексический,681
падеж,множественный,число,679
точка,зрение,теория,679
значение,словарь,справочник,678
случай,речь,идти,678
знак,символ,миф,678
подход,вопрос,языкознание,677
словарь,русский,фразеология,676
смысловой,структура,слово,675
Шахматов,синтаксис,русский,675
русский,терминология,опыт,675
словарь,толковый,словарь,674
турецкий,литературный,язык,674
речь,учеба,пособие,674
изучение,иберийский,кавказский,674
психолингвистический,аспект,изучение,673
проблема,функциональный,тип,673
русский,говор,сибирь,672
использовать,следующий,метод,672
основание,теория,знак,672
грамматика,башкирский,язык,671
ассоциативный,норма,русский,671
функциональный,анализ,грамматический,671
русский,язык,фонетика,670
коммуникативный,прагматический,подход,670
кафедра,английский,филология,670
древнерусский,литературный,язык,669
смысл,художественный,текст,669
народный,разговорный,речь,668
заседание,кафедра,английский,667
русский,язык,ока,667
общий,терминология,вопрос,666
дискурс,дис,канд,666
общественно,политический,терминология,665
модель,речевой,жанр,665
литературно,художественный,текст,665
английский,фразеологический,словарь,665
временный,локализованность,таксис,665
человек,текст,культура,665
исследование,языковой,картина,664
весь,уровень,язык,663
вопрос,стилистика,Вып,663
структура,фразеологический,единица,663
язык,порядок,слово,662
лексико,семантический,особенность,662
весь,языковой,уровень,662
изучение,языковой,личность,662
терминология,опыт,лингвистический,662
проблема,русский,стилистика,662
английский,диалогический,речь,661
когнитивный,прагматический,аспект,661
язык,вопрос,теория,661
очерк,история,русский,660
исследование,политический,метафора,660
русский,язык,вестник,659
наука,вопрос,языкознание,659
значение,многозначный,слово,658
словарь,различный,тип,658
общий,теория,лексикография,658
национальный,культурный,семантика,658
значение,фразеологический,единица,657
философия,логика,язык,657
Дис,канд,филолог,657
гласный,первый,слог,656
литературный,язык,вопрос,656
язык,проблема,интенсиональный,656
язык,наука,терминология,655
проблема,семантический,синтагматика,655
язык,апробация,работа,655
национальный,специфика,язык,655
аварский,язык,махачкала,655
современный,политический,дискурс,654
знаковый,система,тарту,654
предложный,падежный,конструкция,653
грамматика,русский,литературный,653
русский,язык,современный,652
язык,практический,ценность,652
система,функциональный,грамматика,652
состояние,русский,язык,652
античный,теория,язык,652
аспект,языковой,общение,652
тюркский,язык,общетюркский,651
опыт,лингвистический,описание,651
фонетика,английский,язык,651
закономерность,стилистический,использование,651
основа,теория,грамматика,650
дискурс,Сб,науч,650
лексический,состав,язык,649
речевой,жанр,текст,649
явление,мотивация,слово,648
кафедра,общий,языкознание,647
вид,речевой,деятельность,647
русский,язык,пособие,645
организация,художественный,текст,644
словарь,сочетаемость,слово,644
зеркало,языковой,игра,644
современный,турецкий,язык,643
опыт,общий,теория,643
анализ,язык,противоречивость,643
средство,трансляция,культура,643
единица,различный,уровень,642
язык,проблема,структурный,642
русский,язык,актуальный,642
грамматика,введение,Аспектуальность,641
современный,русский,словообразование,641
ценностный,картина,мир,640
лексикография,избранный,труд,639
единица,современный,русский,639
социально,лингвистический,исследование,639
язык,современный,русский,638
учебник,русский,язык,637
славянский,литературный,язык,637
речевой,общение,новый,636
картина,мир,носитель,636
практика,межкультурный,коммуникация,636
частный,лингвистический,теория,636
личностный,аспект,языковой,635
стилистический,использование,языковый,635
действительность,референциальный,аспект,634
речь,Дис,канд,634
семантика,понимание,новое,632
сайт,дата,обращение,631
практический,стилистика,русский,631
английский,разговорный,речь,631
перевод,художественный,текст,631
очерк,современный,русский,630
семантический,структура,язык,630
наивный,модель,мир,630
основа,фразеология,русский,630
компаративный,фразеологический,единица,629
слово,психолингвистический,исследование,629
актуальный,проблема,теория,628
полный,собрание,русский,627
проблема,речевой,воздействие,627
фонетика,морфология,лексика,626
русский,язык,киев,626
русский,язык,москва,625
семантика,фразеологический,оборот,625
Дисс,канд,филолог,625
разновидность,городской,устный,624
разговорный,речь,общий,623
общий,вопрос,словообразование,623
введение,Аспектуальность,временный,623
устный,научный,речь,622
роль,русский,язык,621
главный,член,предложение,621
занимать,промежуточный,положение,621
троякий,аспект,языковой,621
словарь,татарский,язык,619
тематический,группа,слово,619
немецкий,язык,дис,619
русский,художественный,текст,619
концепт,Сб,науч,619
экспрессивный,синтаксический,конструкция,619
структура,языковой,личность,618
русский,речь,текст,618
функциональный,сторона,язык,617
словарь,русский,ономастический,617
русский,язык,монография,617
курс,русский,язык,616
этап,развитие,язык,615
сочетаемость,слово,русский,615
функционирование,грамматический,категория,615
изучение,речевой,жанр,614
функционально,семантический,особенность,614
русский,язык,известие,614
значение,языковой,единица,613
русский,язык,АКД,613
образование,сложный,слово,612
направление,современный,американский,612
постулат,когнитивный,семантика,612
структурный,схема,предложение,611
когнитивный,дискурсивный,парадигма,610
дискурс,теория,метафора,610
категория,грамматический,класс,609
славянский,языкознание,воронеж,609
Уфимцева,лексический,значение,609
язык,Вопр,языкознание,609
русский,ономастический,терминология,608
экспрессивный,оценочный,функция,608
основной,тип,фразеологический,607
глагольный,фразеологический,единица,607
поэтика,стилистика,язык,607
новый,философский,словарь,607
язык,межвузовский,сборник,607
понятие,языковой,личность,606
художественный,текст,основа,606
основной,понятие,русский,605
модель,языковой,личность,605
семантика,язык,воронеж,605
проблема,соотношение,язык,604
средство,речевой,воздействие,604
словарь,культура,век,604
политический,дискурс,текст,603
единица,словообразовательный,система,602
строение,человеческий,язык,601
международный,научно,методический,601
русский,язык,толково,601
форма,именительный,падеж,600
русский,язык,практический,600
анализ,абстрактный,имя,600
английский,язык,проблема,600
собрание,русский,летопись,599
аспект,Сб,науч,599
диалект,сибирский,татарин,598
тип,речевой,акт,598
обучение,неродной,язык,598
класс,русский,глагол,598
русский,язык,научный,597
экономия,языковой,средство,597
синтаксис,современный,английский,597
язык,речь,творчество,597
гласный,передний,ряд,596
язык,советский,эпоха,596
текст,Дисс,канд,596
смысловой,тип,речь,596
проблема,современный,русский,596
социальный,власть,язык,596
Вып,лингвистический,семантика,596
язык,межнациональный,общение,595
ключевой,идея,русский,595
речь,общий,вопрос,595
извлекать,метод,сплошной,595
прикладной,вопрос,языкознание,595
английский,художественный,текст,595
арутюнов,логический,анализ,595
анализ,лексико,семантический,594
значение,производный,слово,594
когнитивный,исследование,политический,593
романо,германский,языкознание,593
русский,английский,фразеологический,593
курс,общий,морфология,592
метафорический,зеркало,когнитивный,592
язык,автореферат,диссертация,592
зеркало,когнитивный,исследование,591
восприятие,когнитивный,аспект,591
картина,мир,являться,590
языкознание,учеба,пособие,590
вопрос,словообразование,синтаксис,589
фрагмент,картина,мир,589
язык,семиотика,культура,589
отделение,русский,язык,587
русский,толковый,словарь,586
идея,русский,языковой,586
проблема,отраслевой,лексика,586
курс,русский,грамматика,585
язык,система,личность,585
текст,Дж,Лакофф,585
деловой,письменность,век,584
точка,зрение,лингвист,584
метод,исследование,метод,584
русский,языковый,картина,584
словарь,современный,английский,584
говор,русский,язык,583
устойчивый,сочетание,слово,583
словарь,чувашский,язык,583
строй,современный,русский,583
британский,вариант,английский,583
функционирование,языковый,единица,582
нахско,дагестанский,язык,582
предложение,современный,русский,582
русский,язык,иметь,581
азербайджанский,литературный,язык,581
композиционный,речевой,форма,581
автоматический,обработка,текст,581
терминология,Автореф,дис,581
картина,мир,языковой,580
категория,средневековый,культура,580
путем,сплошной,выборка,580
система,функциональный,стиль,580
единица,Межвуз,сб,580
азербайджанский,язык,Автореф,579
конструкция,русский,язык,579
актуальность,данный,работа,579
романо,германский,язык,579
язык,Автореф,Дис,579
человек,текст,семиосфера,578
русский,речь,энциклопедический,578
семантика,синтаксический,единица,578
русский,язык,избранный,577
московский,государственный,лингвистический,577
ментальность,способ,представление,577
текст,разный,жанр,576
структура,словарный,статья,575
теоретический,основа,грамматика,575
словарь,крылатый,слово,575
зарубежный,лингвистика,лингвистический,575
основной,проблема,лексический,575
тезаурус,литературный,язык,575
пополнение,словарный,состав,574
русский,технический,терминология,574
язык,сегодня,Вып,574
национальный,вариант,испанский,574
речь,энциклопедический,словарь,573
языковой,ментальность,способ,573
современный,русский,художественный,573
словарь,тюркский,наречие,572
различие,строение,человеческий,572
современный,структурный,лингвистика,572
типология,лингвистический,номинация,571
норма,современный,русский,570
значение,имя,собственный,570
стиль,русский,язык,570
социальный,вариант,язык,570
язык,новосибирск,наука,570
исследование,художественный,текст,570
текст,семиосфера,история,569
форма,имя,существительное,568
единица,лексический,уровень,568
некоторый,явление,словообразование,568
Аспектуальность,временный,локализованность,568
вопрос,современный,русский,567
различный,тип,текст,567
речь,Отв,ред,567
метод,лингвистический,описание,567
особенность,речевой,поведение,567
семантика,синтаксис,морфология,567
русский,язык,сборник,566
бас,словарь,современный,566
сравнение,русский,язык,566
английский,язык,теоретический,566
современный,философия,язык,566
речь,Автореф,дисс,565
словарь,вопрос,языкознание,565
межкультурный,коммуникация,учеба,565
тюркский,язык,советский,564
изобразительный,выразительный,средство,564
общий,курс,русский,563
язык,текст,дискурс,563
лексика,современный,английский,563
контекст,разный,культура,563
речь,фонетика,морфология,563
язык,русский,речь,562
картина,мир,вопрос,562
значение,слово,текст,562
текст,современный,состояние,562
разговорный,речь,фонетика,562
литературный,язык,новый,561
обосновываться,выбор,тема,561
метод,концептуальный,анализ,560
языкознание,филологический,наука,560
язык,новый,время,559
структурно,семантический,аспект,559
проблема,синтаксический,семантика,558
новый,лексический,единица,558
различный,функциональный,стиль,557
лингвистический,основа,учение,557
концепт,дискурс,текст,557
лингвистика,текст,современный,557
английский,язык,учебный,556
Лексико,семантический,особенность,556
немецкий,язык,Дисс,556
семантический,группа,русский,556
арабский,литературный,язык,556
язык,русский,словесность,555
лексический,средство,обозначение,555
текст,курс,лекция,555
словарь,фразеологический,синоним,554
латинский,русский,словарь,554
теория,лингвистический,модель,553
русский,рок,поэзия,553
век,языковой,изменение,553
семиотический,проблема,язык,552
современный,лингвистика,текст,552
история,французский,язык,552
опыт,словарь,тюркский,551
русский,советский,поэзия,551
описание,русский,язык,551
термин,лингвистический,проблема,551
язык,казань,Изд,551
лингвистика,воронеж,Изд,550
история,языкознание,литературоведение,550
русский,синонимический,словарь,549
словарь,грамматика,текст,549
структура,слово,психолингвистический,549
русский,старожильческий,говор,548
частный,теория,перевод,548
лексика,вопрос,языкознание,548
материал,язык,различный,547
древность,этнолингвистический,словарь,547
психология,эмоция,текст,547
функционально,прагматический,концепция,547
основной,вопрос,синтаксис,546
глагольный,именной,словосочетание,546
разный,функциональный,стиль,546
изучение,дагестанский,язык,546
текст,основа,лингвистический,546
семантический,класс,русский,546
группа,русский,глагол,545
славянский,древность,этнолингвистический,544
русский,разговорный,синтаксис,544
лингвистический,семантика,текст,544
язык,сопоставительный,анализ,544
грамматический,класс,слово,543
изучение,функциональный,сторона,543
прагматический,концепция,текст,543
язык,культура,этнос,542
практика,преподавание,английский,542
научно,технический,лексикография,542
тип,русский,речь,542
стереотип,речевой,общение,541
глагол,Автореф,дис,541
праславянский,лексический,фонд,540
поэтика,русский,литература,540
аспект,Автореф,дисс,540
языкознание,вопрос,языкознание,539
говор,русский,север,539
теория,языковой,личность,539
государственный,университет,филология,539
культурно,речевой,ситуация,539
экспериментальный,исследование,семантика,538
система,современный,английский,538
русский,язык,первый,537
русский,национальный,характер,537
язык,толково,словообразовательный,537
большой,немецко,русский,537
русско,французский,словарь,536
коммуникативный,тип,предложение,536
опыт,теория,лингвистический,536
фразеологический,система,язык,536
языковой,процесс,современный,536
анализ,языковой,средство,535
языковой,общение,единица,535
падеж,единственный,число,534
диалект,селькупский,язык,534
проблема,изучение,функциональный,534
текст,материал,научный,534
русский,язык,начало,534
труд,институт,языкознание,533
лингвистический,модель,смысл,533
язык,язык,мир,533
лексико,фразеологический,система,533
поле,русский,язык,533
анализ,естественный,язык,533
вопрос,теория,язык,532
вопрос,русский,язык,532
исследование,русский,язык,532
исследование,являться,выявление,532
народный,разговорный,язык,531
семинар,филологический,факультет,531
упорядочение,иноязычный,термин,531
семантика,учеба,пособие,531
системный,описание,синтаксис,531
лингвистика,проблема,референция,531
словарь,язык,русский,530
текст,гл,ред,530
русский,языковый,модель,530
кн,русский,язык,530
множественный,число,имя,529
современный,турецкий,литературный,529
материал,имя,существительное,529
являться,составной,часть,529
предложный,падежный,сочетание,529
психолингвистика,вопрос,психолингвистика,529
фонетика,тюркский,язык,528
направление,современный,лингвистика,528
различный,тип,дискурс,528
свободный,дата,обращение,528
казахский,язык,алма,527
текст,межвузовский,сборник,527
семантика,учебный,пособие,527
грамматический,система,язык,526
глагол,русский,язык,526
современный,английский,язык,525
узбекский,язык,Автореф,525
исследование,семантика,русский,525
монография,волгоград,перемена,525
морфология,лексика,жест,525
текст,актуальный,проблема,525
носитель,данный,язык,524
стилистика,современный,русский,524
кафедра,английский,язык,524
дискурс,Автореф,дис,524
процесс,современный,русский,523
актуальность,диссертационный,исследование,523
теоретический,значимость,данный,523
арутюнов,лингвистический,энциклопедический,523
кн,проблема,структурный,523
словарь,русский,глагол,522
средство,английский,язык,522
существительное,женский,род,521
вариант,французский,язык,520
язык,новый,период,520
компонент,лексический,значение,520
семантика,лексический,единица,520
языковой,общение,процесс,520
широкий,смысл,слово,519
иркутский,государственный,лингвистический,518
остин,Дж,слово,518
литературный,язык,русский,517
русский,филологический,вестник,517
вестник,воронежский,государственный,517
проблема,русский,фразеология,517
стиль,научный,изложение,517
изменение,значение,слово,516
структурно,семантический,свойство,516
политический,метафора,материал,516
проблема,современный,языкознание,515
грамматический,категория,род,515
лексико,грамматический,особенность,514
исторический,морфология,русский,514
слово,высказывание,текст,514
филология,искусствоведение,Вып,513
дискурс,речь,речевой,513
обстоятельство,образ,действие,512
большой,академический,словарь,512
балкарский,язык,нальчик,512
лингвистика,фундаментальный,направление,512
общий,морфология,введение,512
лингвистика,лингвистика,текст,512
теория,речевой,коммуникация,512
кн,вопрос,теория,512
составление,учебный,пособие,511
дуализм,лингвистический,знак,511
конец,век,языковой,511
получать,метод,сплошной,510
вопрос,психолингвистика,вопрос,510
структурно,семантический,параметр,510
функциональный,тип,русский,510
русский,язык,функционирование,510
почта,русский,речь,509
классификация,часть,речь,509
литература,включать,наименование,509
аспект,языковой,единица,509
семантика,глагольный,слово,509
словарь,русский,личный,508
язык,Гл,ред,508
русский,фразеология,историко,508
когнитивный,дискурсивный,подход,508
фразеологический,синоним,русский,508
проблема,лингвистический,анализ,508
морфология,современный,английский,508
русский,язык,медиа,507
доминирующий,лингвистический,теория,507
русский,язык,Отв,507
коммуникативный,прагматический,функция,506
разговорный,речь,Автореф,506
аспект,речевой,общение,505
языковой,метафора,синтаксис,505
различный,языковой,уровень,504
студент,филологический,факультет,504
язык,синтаксис,простой,503
фразеология,историко,этимологический,502
текст,сборник,научный,502
лексика,немецкий,язык,502
сопоставительный,типологический,исследование,502
гласный,второй,слог,501
жанр,речь,Вып,501
русский,литература,вв,501
стилистика,газетный,жанр,501
состав,современный,английский,501
элементарный,единица,русский,501
