,word,freq
0,языковой,393050
1,глагол,259706
2,речевой,213478
3,ред,204275
4,лексика,185559
5,концепт,166425
6,дискурс,152320
7,когнитивный,142725
8,грамматика,135411
9,др,131413
10,уна,129395
11,спб,119507
12,употребление,101832
13,функциональный,96996
14,филологический,93590
15,синтаксис,88227
16,функционирование,80499
17,метафора,77588
18,терминология,73149
19,существительное,69575
20,прагматический,69118
21,диалект,68795
22,тюркский,67715
23,стилистика,59906
24,номинация,56468
25,словосочетание,56163
26,интерпретация,54924
27,смысловой,53564
28,разговорный,51260
29,классификация,51203
30,заимствование,48294
31,избранный,48176
32,филология,47052
33,концептуальный,46808
34,энциклопедия,46600
35,наименование,45490
36,просвещение,44449
37,парадигма,43230
38,толковый,42614
39,значимость,42275
40,местоимение,41949
41,выявление,41907
42,системный,40861
43,логический,40337
44,ст,39161
45,оценочный,38741
46,лит,38423
47,прилагательное,37560
48,словарный,37367
49,проза,34902
50,модальность,34875
51,новое,34406
52,ассоциативный,33944
53,обозначение,33755
54,шмелев,33100
55,временный,32798
56,именной,32597
57,устный,31965
58,синоним,31632
59,сравнительный,31594
60,монография,31410
61,пословица,30725
62,познание,30724
63,тематический,30138
64,лингвист,29831
65,экспрессивный,29176
66,англ,29008
67,адресат,28922
68,попов,28738
69,частица,28005
70,преподавание,27838
71,предлог,27794
72,древнерусский,27763
73,актуальность,27677
74,сера,27538
75,исходный,27352
76,образный,27245
77,разновидность,27191
78,закономерность,26786
79,межкультурный,25794
80,моделирование,25307
81,выделение,25198
82,ударение,24764
83,количественный,23721
84,приложение,23701
85,текстовый,23392
86,говорящий,23146
87,слог,23043
88,башкирский,22989
89,известие,22752
90,причастие,22568
91,стих,22408
92,фольклор,22238
93,ментальный,22093
94,новизна,21629
95,стереотип,21566
96,письменность,21508
97,отрицание,21417
98,совокупность,21304
99,немой,21301
100,вторичный,20962
101,толкование,20872
102,словесный,20513
103,англоязычный,20411
104,содержательный,20339
105,топоним,20033
106,го,19930
107,сходство,19298
108,справочник,19278
109,оппозиция,19090
110,эволюция,19053
111,экспериментальный,18988
112,гипотеза,18770
113,предметный,18702
114,татарин,18562
115,арабский,18560
116,географический,18440
117,турецкий,17891
118,риторика,17821
119,трансформация,17505
120,понятийный,17178
121,испанский,17005
122,субъективный,16892
123,вариативность,16771
124,косвенный,16762
125,ядро,16750
126,написание,16497
127,таджикский,16434
128,повтор,16367
129,звуковой,16323
130,актуализация,16298
131,поговорка,16259
132,составление,16243
133,противопоставление,16079
134,повествование,15860
135,щерба,15748
136,филолог,15711
137,наклонение,15637
138,дагестанский,15621
139,горький,15614
140,интонация,15584
141,земский,15471
142,частотный,15366
143,летие,15324
144,ярцева,15273
145,методический,15123
146,азербайджанский,15065
147,абстрактный,14965
148,взаимосвязь,14819
149,гнездо,14788
150,обзор,14727
151,исследовательский,14448
152,динамический,14321
153,общность,14146
154,флинт,14122
155,выборка,14040
156,осмысление,13979
157,фольклорный,13909
158,дифференциация,13584
159,казахский,13501
160,относительный,13423
161,своеобразие,13342
162,направленность,13287
163,ломоносов,13265
164,шведов,13234
165,произношение,13206
166,узбекский,12993
167,составной,12967
168,чехов,12850
169,код,12759
170,частотность,12745
171,разграничение,12719
172,статистический,12579
173,серебренников,12520
174,орфография,12452
175,выраженный,12430
176,проблематика,12428
177,ти,12351
178,неологизм,12329
179,кузнецов,12049
180,сорокин,12029
181,жаргон,11922
182,пер,11691
183,эстетика,11630
184,ценностный,11618
185,лексикон,11548
186,эквивалент,11532
187,заголовок,11501
188,обобщение,11449
189,оригинал,11441
190,интенсивность,11390
191,зависимый,11277
192,порождение,11221
193,коми,11159
194,золотов,11126
195,нейтральный,11078
196,этнос,11036
197,доминанта,11031
198,пласт,11022
199,периферия,11009
200,приставка,10860
201,графический,10813
202,ата,10734
203,родство,10650
204,видимый,10648
205,лихачев,10646
206,воронежский,10575
207,личностный,10567
208,видовой,10528
209,продуктивный,10479
210,включение,10455
211,знаковый,10422
212,взаимоотношение,10419
213,сходный,10418
214,перенос,10396
215,дмитриев,10346
216,методология,10280
217,верещагин,10252
218,стимул,10199
219,летопись,10113
220,основный,10092
221,кузнецова,10086
222,маслов,10055
223,мотивация,10048
224,последовательность,10038
225,текстовой,10004
226,целостный,9974
227,уточнение,9969
228,этикет,9931
229,кавказский,9924
230,публицистика,9914
231,бурятский,9905
232,собеседник,9806
233,прозвище,9801
234,болдырев,9792
235,образность,9743
236,образованный,9721
237,идентификация,9656
238,адекватный,9568
239,переходный,9565
240,трактовка,9553
241,современность,9520
242,польский,9504
243,грамота,9480
244,этнокультурный,9424
245,алый,9365
246,строение,9340
247,обоснование,9282
248,мифологический,9276
249,двуязычие,9193
250,склонение,9168
251,ушаков,9154
252,индивид,9098
253,финский,9097
254,длительность,9060
255,родственный,9022
256,комический,8999
257,марийский,8999
258,изложение,8913
259,лирика,8899
260,болгарский,8730
261,выразительный,8660
262,па,8655
263,кожин,8634
264,лирический,8622
265,эпитет,8612
266,обряд,8594
267,систематизация,8574
268,синтез,8538
269,иерархия,8535
270,удмуртский,8526
271,неопределенный,8522
272,фундаментальный,8415
273,системность,8383
274,ареал,8382
275,подсистема,8374
276,менталитет,8368
277,модификация,8358
278,славянин,8261
279,аргументация,8256
280,эпос,8256
281,корреляция,8234
282,вводный,8188
283,учащийся,8187
284,фил,8163
285,библейский,8159
286,психический,8146
287,антология,8144
288,пассивный,8134
289,компетенция,8110
290,тарасов,8058
291,журналистика,8025
292,молодежный,8012
293,смирнов,8010
294,параллель,8003
295,житие,7996
296,глубинный,7963
297,предисловие,7934
298,сленг,7927
299,вспомогательный,7889
300,предпосылка,7841
301,ирония,7830
302,топор,7766
303,филин,7752
304,неопределенность,7733
305,средневековый,7696
306,этнографический,7659
307,императив,7645
308,пунктуация,7639
309,лосев,7618
310,однородный,7607
311,тихонов,7581
312,макаров,7566
313,григорьев,7531
314,информативный,7520
315,символический,7423
316,союзный,7387
317,казанский,7349
318,цветовой,7314
319,вежливость,7304
320,маслова,7242
321,единичный,7241
322,частота,7226
323,многообразие,7225
324,связка,7203
325,перемещение,7200
326,аналогия,7196
327,симпозиум,7196
328,этический,7086
329,социология,7082
330,определенность,7061
331,тат,6978
332,адаптация,6960
333,связность,6915
334,тематика,6891
335,звучание,6874
336,константа,6870
337,античный,6857
338,фиксация,6826
339,загадка,6825
340,стихотворный,6818
341,нулевой,6726
342,бабенко,6698
343,расхождение,6695
344,мыслительный,6693
345,целостность,6673
346,подгруппа,6630
347,побуждение,6610
348,сегмент,6593
349,окраска,6585
350,белорусский,6576
351,обыденный,6551
352,ситуативный,6550
353,волк,6544
354,отличительный,6542
355,рецензия,6530
356,множественность,6503
357,мифология,6481
358,наивный,6469
359,последовательный,6458
360,мордовский,6445
361,составитель,6439
362,неполный,6429
363,типовой,6420
364,локальный,6410
365,кавказ,6383
366,спонтанный,6374
367,атлас,6371
368,сдвиг,6370
369,совпадение,6356
370,обобщенный,6345
371,библия,6326
372,русло,6326
373,интегральный,6278
374,спорный,6261
375,устойчивость,6260
376,ментальность,6251
377,эмоциональность,6250
378,тур,6229
379,чешский,6220
380,прототип,6210
381,компонента,6179
382,си,6121
383,арутюнова,6117
384,познавательный,6096
385,причастный,6091
386,междисциплинарный,6086
387,киргизский,6084
388,сидоров,6044
389,ми,6042
390,референт,6026
391,наполнение,6023
392,аспирант,6022
393,интеллект,5970
394,крылатый,5956
395,эмпирический,5956
396,корневой,5955
397,ар,5949
398,афоризм,5948
399,указательный,5936
400,лебедев,5924
401,алгоритм,5920
402,орел,5916
403,лопатин,5903
404,генетический,5899
405,эвфемизм,5897
406,швейцер,5897
407,сп,5873
408,аббревиатура,5847
409,алфавит,5837
410,чередование,5831
411,шкала,5816
412,идентичность,5815
413,испытуемый,5811
414,отрезок,5808
415,древность,5801
416,потапов,5785
417,педагогика,5775
418,томский,5761
419,отклонение,5753
420,ударный,5743
421,рукописный,5708
422,мгла,5704
423,возрастной,5694
424,романов,5694
425,раб,5669
426,промежуточный,5638
427,закономерный,5621
428,ориентир,5608
429,рефлексия,5571
430,символика,5553
431,переосмысление,5528
432,контраст,5526
433,глухой,5519
434,детальный,5498
435,эпический,5480
436,локализация,5470
437,усвоение,5462
438,опорный,5436
439,латы,5417
440,раскрытие,5415
441,машинный,5413
442,фоновый,5396
443,осетинский,5387
444,туркменский,5365
445,ая,5362
446,выразительность,5339
447,частичный,5326
448,призма,5323
449,продуктивность,5261
450,всесоюзный,5253
451,спектр,5245
452,фокус,5237
453,экспрессия,5217
454,пименов,5209
455,география,5206
456,инновация,5205
457,заглавие,5175
458,институциональный,5170
459,атрибут,5159
460,отраслевой,5158
461,помет,5149
462,родовой,5139
463,ильин,5137
464,евангелие,5117
465,ад,5098
466,развертывание,5094
467,вхождение,5040
468,рифма,5037
469,процессуальный,5021
470,баран,5015
471,мировоззрение,5006
472,ширяев,5006
473,периодический,4987
474,второстепенный,4987
475,курск,4970
476,арго,4965
477,утрата,4965
478,чувственный,4950
479,экономия,4949
480,конструирование,4942
481,денисов,4936
482,линейный,4934
483,акустический,4925
484,интернациональный,4919
485,преобладание,4909
486,поверхностный,4892
487,математический,4890
488,иностранец,4887
489,шведова,4870
490,сказание,4869
491,полнота,4849
492,кузьмин,4828
493,даниленко,4817
494,комиссар,4815
495,справочный,4784
496,кишинев,4781
497,транскрипция,4777
498,монолог,4763
499,возвратный,4759
500,иранский,4759
501,гендерный,4755
502,худой,4745
503,левин,4675
504,однозначный,4662
505,всесторонний,4655
506,отрывок,4648
507,указатель,4643
508,чеченский,4636
509,комбинация,4631
510,соискание,4628
511,иллюстрация,4613
512,смешение,4573
513,переносной,4569
514,вертикальный,4566
515,деление,4560
516,социологический,4557
517,обозрение,4543
518,доминирующий,4538
519,асимметрия,4537
520,проникновение,4531
521,пополнение,4509
522,литовский,4503
523,следование,4487
524,показательный,4469
525,казак,4465
526,драма,4458
527,ритуал,4449
528,сближение,4439
529,позиционный,4438
530,населенный,4437
531,переписка,4435
532,конструктивный,4419
533,словом,4397
534,поспелов,4376
535,молитва,4369
536,структурирование,4366
537,извлечение,4353
538,постулат,4337
539,отображение,4328
540,ориентированный,4307
541,сущий,4304
542,диапазон,4300
543,специфичный,4285
544,знаменательный,4247
545,абзац,4244
546,смешанный,4242
547,респондент,4235
548,ефремов,4233
549,радуга,4226
550,тютчев,4222
551,ответный,4219
552,толерантность,4210
553,агрессия,4208
554,франц,4202
555,собранный,4199
556,обогащение,4173
557,абдуллаев,4173
558,рождественский,4169
559,пересечение,4162
560,ассимиляция,4159
561,горелов,4150
562,синтетический,4144
563,неотъемлемый,4133
564,рсфср,4125
565,генезис,4123
566,визуальный,4123
567,тетрадь,4114
568,адекватность,4101
569,герд,4088
570,га,4084
571,тендер,4082
572,волшебный,4079
573,стык,4066
574,предшествующий,4058
575,невозможность,4056
576,самосознание,4051
577,петровский,4043
578,тамбовский,4043
579,прочтение,4030
580,присоединение,4020
581,примета,4018
582,майкоп,4018
583,гвардия,4017
584,настоящее,4012
585,селиверстов,4007
586,отчество,4004
587,ат,4000
588,манипуляция,3999
589,венгерский,3983
590,проповедь,3981
591,животный,3973
592,воспроизведение,3931
593,диалектика,3928
594,подтекст,3919
595,мастерство,3916
596,осознание,3916
597,панфилов,3885
598,имидж,3862
599,платонов,3853
600,тимофеев,3852
601,факультативный,3846
602,корейский,3843
603,трактат,3836
604,шукшин,3835
605,ось,3828
606,гвоздев,3816
607,подчинение,3815
608,контактный,3799
609,юмор,3798
610,сложение,3797
611,упоминание,3796
612,проекция,3796
613,общепринятый,3788
614,ом,3786
615,ул,3782
616,языков,3767
617,биологический,3764
618,овладение,3758
619,сюжетный,3747
620,распространенный,3705
621,джонсон,3703
622,упорядочение,3698
623,иронический,3687
624,эталон,3674
625,ракурс,3671
626,результативный,3668
627,ганиев,3665
628,перо,3652
629,индекс,3650
630,производящий,3627
631,несовершенный,3626
632,армянский,3623
633,чернявский,3621
634,телевизионный,3620
635,луна,3615
636,парадокс,3609
637,развитый,3606
638,событийный,3605
639,козлов,3599
640,кодирование,3596
641,володин,3592
642,ростовский,3588
643,стихия,3582
644,произнесение,3579
645,щербак,3577
646,противоположность,3575
647,мельников,3569
648,мена,3568
649,мара,3568
650,действительный,3567
651,канон,3566
652,кол,3564
653,рггу,3562
654,клише,3544
655,массив,3543
656,карельский,3537
657,повторение,3530
658,серебряный,3530
659,заговор,3518
660,грузинский,3513
661,неоднозначность,3512
662,гинзбург,3512
663,сказочный,3505
664,тропа,3502
665,горе,3497
666,гумилев,3482
667,послание,3469
668,плотников,3469
669,несоответствие,3466
670,дистрибуция,3461
671,допустимый,3460
672,алпатов,3457
673,троп,3449
674,нестандартный,3447
675,основополагающий,3446
676,диктор,3443
677,фаза,3431
678,минский,3426
679,абрамов,3422
680,миллер,3403
681,свод,3402
682,глобализация,3397
683,парный,3396
684,ролевой,3385
685,внешность,3379
686,университетский,3379
687,свадебный,3367
688,медведев,3366
689,рассказчик,3360
690,распознавание,3348
691,пи,3337
692,кружок,3335
693,вектор,3334
694,эквивалентный,3324
695,индивидуальность,3323
696,татарстан,3319
697,рема,3318
698,брагин,3318
699,заданный,3316
700,средневековье,3303
701,выяснение,3296
702,тюменский,3295
703,звонкий,3293
704,типаж,3292
705,башкир,3291
706,драматический,3290
707,ингушский,3286
708,классик,3285
709,подсчет,3282
710,каламбур,3270
711,аллюзия,3254
712,собирательный,3253
713,игла,3253
714,ложь,3248
715,конкретизация,3241
716,нелюбин,3226
717,жизнедеятельность,3224
718,токарев,3199
719,владимировна,3198
720,конфигурация,3189
721,анкета,3176
722,блинова,3175
723,переменный,3158
724,студенческий,3155
725,москвин,3154
726,обиход,3149
727,мед,3138
728,воробьев,3130
729,калька,3121
730,пассив,3119
731,ива,3115
732,номенклатура,3103
733,персональный,3103
734,ким,3101
735,архетип,3101
736,матерый,3099
737,тысячелетие,3097
738,говорение,3095
739,старик,3086
740,театральный,3086
741,харченко,3084
742,колесников,3082
743,неофициальный,3081
744,срез,3074
745,мо,3074
746,активизация,3063
747,рязанский,3058
748,оптимизация,3058
749,совершение,3057
750,правильность,3051
751,завет,3048
752,сознательный,3041
753,хлебников,3040
754,сетевой,3037
755,сакральный,3034
756,купина,3033
757,сербский,3031
758,мотивированный,3030
759,нейтрализация,3029
760,александровна,3029
761,уста,3025
762,канонический,3012
763,моисеев,3006
764,букварь,3004
765,идентичный,2996
766,хроника,2995
767,соболевский,2995
768,обладание,2989
769,су,2988
770,обнаружение,2969
771,ритуальный,2969
772,групповой,2954
773,постепенный,2946
774,альманах,2943
775,печаль,2942
776,физиологический,2942
777,целенаправленный,2940
778,кластер,2937
779,молчание,2936
780,противоречивый,2928
781,совмещение,2914
782,удивление,2907
783,истинность,2902
784,героический,2902
785,тоска,2899
786,карамзин,2897
787,мк,2895
788,электрон,2885
789,док,2885
790,несомненный,2882
791,составляющая,2867
792,западноевропейский,2865
793,слоган,2865
794,абстракция,2852
795,коммент,2851
796,параметрический,2850
797,вступительный,2845
798,березин,2836
799,медведь,2836
800,лотте,2833
801,аномалия,2833
802,избыточность,2824
803,амосов,2824
804,конфликтный,2816
805,тональность,2803
806,тыс,2782
807,алексеева,2780
808,федотов,2779
809,раса,2777
810,одновременный,2773
811,улыбка,2771
812,слуховой,2771
813,вол,2770
814,черкасова,2765
815,цельность,2762
816,лицей,2759
817,универсальность,2754
818,лукин,2753
819,проблемный,2752
820,предание,2750
821,мировосприятие,2748
822,юбилей,2747
823,сокращенный,2745
824,низ,2745
825,инверсия,2745
826,корпусной,2744
827,гудок,2740
828,градация,2739
829,комаров,2734
830,унификация,2730
831,астафьев,2728
832,схожий,2716
833,закрепление,2714
834,шведский,2711
835,интервал,2709
836,вероятностный,2707
837,остин,2706
838,статический,2698
839,производная,2696
840,чернов,2693
841,переключение,2692
842,англичанин,2691
843,шоу,2689
844,древнегреческий,2688
845,шевченко,2688
846,экзистенциальный,2688
847,систематический,2687
848,крымский,2684
849,инструментальный,2680
850,невеста,2678
851,курица,2674
852,комплимент,2674
853,поисковый,2671
854,баллада,2667
855,кирилин,2659
856,репрезентативный,2653
857,оратор,2650
858,григорьева,2643
859,песенный,2636
860,гнев,2634
861,гаврилов,2634
862,устранение,2631
863,скот,2630
864,кандидатский,2628
865,добавление,2624
866,гаджиева,2624
867,непрямой,2620
868,помета,2617
869,буквальный,2613
870,городецкий,2606
871,несовпадение,2605
872,ломов,2605
873,белинский,2598
874,психика,2597
875,отсылка,2592
876,писание,2591
877,инвентарь,2587
878,блог,2583
879,контур,2580
880,тенишев,2578
881,отсчет,2571
882,олень,2570
883,араб,2570
884,светский,2565
885,жестовый,2564
886,подобие,2558
887,поведенческий,2553
888,пристальный,2551
889,отраженный,2551
890,объемный,2547
891,передвижение,2545
892,сахарный,2537
893,сорокина,2535
894,разметка,2534
895,словацкий,2533
896,тьма,2530
897,протекание,2525
898,орловский,2523
899,селение,2519
900,авторитетный,2511
901,драматургия,2509
902,исаев,2508
903,межнациональный,2504
904,эссе,2504
905,прошедшее,2499
906,верх,2494
907,экология,2492
908,презентация,2492
909,дипломный,2489
910,петренко,2484
911,чин,2479
912,сатирический,2478
913,обман,2478
914,комедия,2475
915,субстрат,2471
916,субъективность,2470
917,баба,2468
918,оз,2459
919,ноль,2458
920,терещенко,2456
921,целесообразность,2455
922,фуко,2455
923,ларина,2453
924,получатель,2452
925,сатира,2451
926,неясный,2448
927,археологический,2439
928,исчезновение,2424
929,королева,2422
930,приток,2421
931,пар,2421
932,кухаренко,2421
933,богуславский,2413
934,высоцкий,2411
935,магомедов,2407
936,онегин,2406
937,классика,2400
938,романтический,2400
939,тщательный,2396
940,обоснованный,2394
941,карпенко,2391
942,артефакт,2390
943,самарский,2389
944,календарь,2386
945,подчиненный,2379
946,град,2377
947,вьетнамский,2377
948,абаев,2371
949,нары,2370
950,византийский,2367
951,разбор,2363
952,героиня,2351
953,утвердительный,2351
954,искажение,2348
955,объективность,2345
956,румынский,2343
957,ремарка,2339
958,олицетворение,2335
959,ук,2333
960,миронов,2331
961,убедительный,2328
962,фет,2325
963,нахождение,2320
964,жилище,2319
965,анкетирование,2318
966,репертуар,2317
967,долина,2313
968,салтыков,2311
969,базисный,2311
970,ошибочный,2309
971,томашевский,2309
972,стандартизация,2308
973,исправление,2305
974,истолкование,2304
975,давний,2302
976,напиток,2298
977,юный,2297
978,видимость,2296
979,самостоятельность,2295
980,синергетический,2291
981,отступление,2286
982,горский,2284
983,вставка,2283
984,пролог,2282
985,растительный,2281
986,слияние,2278
987,штамп,2275
988,диван,2273
989,ана,2271
990,заключительный,2270
991,дореволюционный,2262
992,интерактивный,2261
993,вариация,2258
994,мл,2256
995,приветствие,2252
996,воронцов,2252
997,герасимов,2252
998,субстанция,2251
999,постсоветский,2249
1000,трансляция,2245
1001,цитирование,2245
1002,дискуссионный,2244
1003,языческий,2244
1004,авторство,2244
1005,автобиографический,2242
1006,манипулирование,2233
1007,бал,2230
1008,юмористический,2224
1009,непрерывный,2221
1010,неоднозначный,2221
1011,параграф,2221
1012,материя,2219
1013,овца,2214
1014,навои,2214
1015,похвала,2206
1016,изба,2206
1017,шрифт,2206
1018,подвижный,2198
1019,приоритетный,2197
1020,заря,2192
1021,матрица,2187
1022,инновационный,2186
1023,стыд,2183
1024,календарный,2182
1025,креативный,2180
1026,новостной,2179
1027,динамичный,2171
1028,звучащий,2169
1029,че,2163
1030,неоднородность,2163
1031,постмодернизм,2163
1032,смещение,2159
1033,пограничный,2158
1034,запятая,2157
1035,гибридный,2157
1036,конструкт,2156
1037,бабкин,2155
1038,углубление,2146
1039,пародия,2140
1040,титул,2137
1041,холод,2136
1042,взаимопонимание,2135
1043,парадоксальный,2133
1044,господь,2132
1045,достоверный,2132
1046,ля,2131
1047,як,2129
1048,подбор,2127
1049,специализация,2125
1050,сводный,2125
1051,литературовед,2122
1052,охват,2121
1053,пейзаж,2121
1054,гусейнов,2117
1055,профессионализм,2116
1056,будаев,2116
1057,плоскость,2115
1058,иисус,2115
1059,пк,2107
1060,выпадение,2105
1061,пробел,2104
1062,воин,2104
1063,предшественник,2101
1064,преемственность,2099
1065,чуждый,2097
1066,обилие,2096
1067,омский,2095
1068,парной,2090
1069,мировоззренческий,2088
1070,ясность,2087
1071,восходящий,2087
1072,леви,2085
1073,установленный,2082
1074,пиотровский,2081
1075,редактирование,2081
1076,приемлемый,2080
1077,немногочисленный,2080
1078,кубанский,2078
1079,течь,2077
1080,каменский,2077
1081,божество,2076
1082,углубленный,2072
1083,протяженность,2069
1084,мудрый,2068
1085,ток,2066
1086,малов,2064
1087,горизонтальный,2064
1088,км,2062
1089,латынь,2060
1090,архивный,2058
1091,реализм,2057
1092,упрощение,2056
1093,кызыл,2053
1094,полемика,2047
1095,пауль,2046
1096,изречение,2040
1097,дружеский,2040
1098,изолированный,2040
1099,ор,2036
1100,ручей,2033
1101,грек,2032
1102,гридин,2029
1103,подверженный,2022
1104,чат,2022
1105,милославский,2008
1106,отечество,2005
1107,затруднение,2003
1108,ослабление,2000
1109,назаров,2000
1110,лишенный,1995
1111,дым,1993
1112,долгота,1992
1113,непонимание,1991
1114,наложение,1986
1115,новелла,1981
1116,неверный,1977
1117,доминирование,1977
1118,распространенность,1976
1119,свое,1974
1120,творение,1972
1121,притча,1969
1122,коэффициент,1969
1123,распространитель,1968
1124,узы,1967
1125,брюсов,1965
1126,повторяемость,1964
1127,намек,1961
1128,эволюционный,1959
1129,перечисление,1958
1130,заполнение,1956
1131,замещение,1952
1132,напряженность,1951
1133,охотник,1949
1134,наглядный,1949
1135,ковалева,1945
1136,статусный,1944
1137,верификация,1943
1138,грант,1941
1139,колорит,1940
1140,юность,1940
1141,потомок,1937
1142,аксаков,1935
1143,индикатор,1935
1144,регулярность,1935
1145,француз,1931
1146,пророк,1931
1147,авто,1930
1148,магический,1929
1149,модуль,1929
1150,многократный,1927
1151,повторный,1927
1152,творец,1924
1153,маркелов,1924
1154,вор,1920
1155,баш,1920
1156,лик,1919
1157,шапка,1918
1158,манифестация,1918
1159,берестяной,1917
1160,луг,1916
1161,прима,1916
1162,ландшафт,1915
1163,албанский,1914
1164,николаевич,1910
1165,осипов,1909
1166,костюм,1907
1167,вежливый,1905
1168,ивановна,1902
1169,государь,1902
1170,резюме,1901
1171,беликов,1901
1172,связующий,1900
1173,дурак,1894
1174,аннотация,1894
1175,посредник,1890
1176,неформальный,1889
1177,эта,1887
1178,розин,1887
1179,отправитель,1885
1180,сладкий,1884
1181,извинение,1883
1182,мюллер,1882
1183,ограниченность,1873
1184,дуб,1869
1185,нрав,1869
1186,нерешенный,1866
1187,никифоров,1863
1188,вычислительный,1860
1189,тональный,1859
1190,балашов,1857
1191,сара,1855
1192,ненависть,1854
1193,абхазский,1854
1194,интуиция,1853
1195,эстонский,1852
1196,красноречие,1850
1197,исчерпывающий,1849
1198,кан,1848
1199,хак,1845
1200,фролова,1845
1201,одиночество,1842
1202,первобытный,1841
1203,зимин,1839
1204,змея,1838
1205,склонность,1831
1206,купец,1825
1207,почерк,1824
1208,акимова,1824
1209,парламентский,1823
1210,широта,1822
1211,преображенский,1822
1212,избыточный,1821
1213,развивающийся,1820
1214,субкультура,1818
1215,издатель,1816
1216,нормализация,1815
1217,немаловажный,1812
1218,гипотетический,1812
1219,сенсорный,1811
1220,произвольный,1810
1221,однотипный,1807
1222,кожина,1807
1223,мп,1806
1224,общенациональный,1805
1225,курган,1797
1226,убор,1797
1227,вербицкая,1797
1228,отдаленный,1791
1229,мотивировка,1789
1230,узбек,1789
1231,цельный,1787
1232,битва,1786
1233,маркетинг,1786
1234,латышев,1785
1235,уменьшение,1784
1236,замкнутый,1783
1237,близкие,1780
1238,прогнозирование,1778
1239,паустовский,1774
1240,пир,1773
1241,бук,1773
1242,интенсификация,1773
1243,бер,1772
1244,многоуровневый,1772
1245,болотов,1771
1246,сосуществование,1769
1247,шаблон,1769
1248,россиянин,1768
1249,гагаузский,1763
1250,идейный,1762
1251,вой,1762
1252,обособление,1762
1253,плодотворный,1760
1254,оскорбление,1760
1255,пение,1757
1256,успешность,1757
1257,двусторонний,1756
1258,коррекция,1756
1259,открытость,1755
1260,лен,1753
1261,сено,1752
1262,ярус,1748
1263,замятин,1748
1264,достояние,1747
1265,биографический,1746
1266,последователь,1744
1267,выдвижение,1742
1268,ислам,1740
1269,заглавный,1739
1270,бабаева,1739
1271,усложнение,1737
1272,противоречивость,1736
1273,прощание,1735
1274,тишина,1731
1275,дядя,1730
1276,поверье,1729
1277,соболева,1728
1278,морда,1726
1279,мимика,1724
1280,македонский,1724
1281,расширенный,1723
1282,богородица,1723
1283,древо,1717
1284,тесто,1717
1285,равноправный,1714
1286,дифференцированный,1713
1287,миграция,1707
1288,шапиро,1706
1289,таз,1705
1290,юбилейный,1704
1291,демонстрация,1700
1292,реалистический,1699
1293,крюкова,1699
1294,богатырь,1696
1295,баранова,1694
1296,незнакомый,1692
1297,ибрагимов,1691
1298,органический,1688
1299,песнь,1687
1300,мартина,1687
1301,финальный,1686
1302,прокопович,1685
1303,одобрение,1685
1304,синодальный,1681
1305,расшифровка,1678
1306,грот,1677
1307,каша,1676
1308,классный,1676
1309,китаец,1674
1310,воссоздание,1673
1311,певец,1667
1312,пропуск,1666
1313,оппонент,1665
1314,наумов,1665
1315,любовный,1665
1316,подвиг,1664
1317,шумный,1664
1318,итоговый,1664
1319,телесный,1664
1320,баженов,1662
1321,ольшанский,1662
1322,ибрагимова,1659
1323,иврит,1659
1324,аксенов,1659
1325,мыслящий,1653
1326,конвенция,1653
1327,ровный,1650
1328,планирование,1649
1329,насекомое,1648
1330,сопряженный,1648
1331,модный,1646
1332,промежуток,1646
1333,проводник,1641
1334,предпочтительный,1638
1335,ретроспективный,1637
1336,сан,1634
1337,панченко,1634
1338,лозунг,1632
1339,путин,1632
1340,экспансия,1631
1341,штерн,1628
1342,софа,1625
1343,молодость,1623
1344,рациональность,1620
1345,ягода,1612
1346,документация,1611
1347,ввод,1609
1348,гришаев,1609
1349,оболочка,1608
1350,называние,1605
1351,ос,1604
1352,динамичность,1604
1353,бедность,1602
1354,уникальность,1602
1355,одноименный,1602
1356,лоб,1598
1357,кв,1596
1358,неживой,1593
1359,приращение,1592
1360,туман,1591
1361,коса,1591
1362,муха,1591
1363,сосуд,1590
1364,маргинальный,1590
1365,зарождение,1589
1366,приближение,1589
1367,бернштейн,1583
1368,бек,1579
1369,благов,1579
1370,старость,1578
1371,монах,1578
1372,инструментарий,1578
1373,сага,1577
1374,приход,1576
1375,широков,1576
1376,исчисление,1574
1377,констатация,1572
1378,крик,1571
1379,тактильный,1570
1380,буря,1569
1381,гиппиус,1569
1382,могила,1568
1383,петух,1566
1384,бобров,1566
1385,известность,1565
1386,прокофьев,1565
1387,сопоставимый,1565
1388,контрастный,1565
1389,клименко,1564
1390,журналистский,1561
1391,дискретный,1559
1392,правитель,1558
1393,мемуары,1557
1394,лавров,1555
1395,муза,1554
1396,туризм,1553
1397,неповторимый,1551
1398,чан,1550
1399,исаева,1550
1400,сулейманов,1549
1401,мусульманский,1547
1402,жуковская,1544
1403,медников,1542
1404,рыбаков,1540
1405,координация,1540
1406,дурново,1538
1407,мыслитель,1537
1408,словенский,1534
1409,португальский,1534
1410,муравей,1533
1411,сыр,1532
1412,оренбург,1532
1413,кп,1532
1414,цифровой,1531
1415,гордость,1530
1416,стрела,1530
1417,условность,1529
1418,воскресение,1528
1419,турок,1528
1420,патриарх,1527
1421,бюллетень,1527
1422,недостаточность,1526
1423,яркость,1526
1424,неточность,1526
1425,хронология,1526
1426,связанность,1524
1427,скандинавский,1520
1428,удельный,1519
1429,порядковый,1518
1430,законченный,1516
1431,жених,1516
1432,многогранный,1515
1433,комментирование,1513
1434,культуролог,1512
1435,гроза,1511
1436,драматург,1510
1437,осознанный,1510
1438,новация,1510
1439,практик,1509
1440,плотность,1509
1441,трехмерный,1509
1442,документальный,1508
1443,панова,1506
1444,портал,1505
1445,молдавский,1505
1446,волеизъявление,1504
1447,романтизм,1500
1448,любопытный,1500
1449,правка,1499
1450,сценический,1499
1451,автоматизированный,1494
1452,докладчик,1493
1453,зубова,1492
1454,баскский,1488
1455,тройка,1488
1456,попова,1487
1457,равенство,1485
1458,разносторонний,1483
1459,поля,1483
1460,золотова,1483
1461,пчела,1482
1462,бокарев,1482
1463,оговорка,1481
1464,латышский,1481
1465,постмодернистский,1480
1466,системообразующий,1476
1467,исхаков,1475
1468,ляпин,1474
1469,орда,1473
1470,емкость,1471
1471,меч,1471
1472,призванный,1469
1473,репортаж,1469
1474,эс,1465
1475,приключение,1460
1476,табу,1459
1477,ремесло,1456
1478,печальный,1455
1479,сопутствующий,1453
1480,лак,1453
1481,осложнение,1452
1482,подражание,1451
1483,отправной,1451
1484,приблизительный,1448
1485,этнограф,1448
1486,биология,1445
1487,седой,1441
1488,весенний,1440
1489,обещание,1438
1490,диагностика,1438
1491,отпечаток,1437
1492,орджоникидзе,1437
1493,нежелательный,1436
1494,рай,1436
1495,наст,1436
1496,нева,1435
1497,снятие,1435
1498,магия,1434
1499,ярлык,1432
1500,васильевна,1432
1501,флора,1427
1502,детализация,1425
1503,вышеуказанный,1425
1504,колокол,1421
1505,петрович,1421
1506,гол,1421
1507,одиночный,1414
1508,слуга,1412
1509,лов,1411
1510,лекарственный,1409
1511,гц,1407
1512,эльбрус,1406
1513,брачный,1405
1514,корреспонденция,1405
1515,обязательность,1405
1516,вечность,1404
1517,кг,1404
1518,нюанс,1403
1519,изменчивость,1402
1520,физиология,1402
1521,семенюк,1402
1522,саха,1400
1523,элегия,1399
1524,перепись,1397
1525,литератор,1396
1526,приспособление,1396
1527,марксизм,1396
1528,насыщенный,1395
1529,хождение,1394
1530,изначальный,1392
1531,социализация,1391
1532,скрепа,1388
1533,заселение,1388
1534,намеренный,1387
1535,фиксированный,1386
1536,нестеров,1380
1537,удаление,1380
1538,аутентичный,1380
1539,цыганский,1379
1540,кельтский,1379
1541,упрек,1377
1542,путешественник,1376
1543,контент,1375
1544,регуляция,1374
1545,радченко,1371
1546,обследование,1367
1547,жидкость,1367
1548,многонациональный,1366
1549,ипостась,1366
1550,эмигрант,1365
1551,старец,1364
1552,предназначение,1364
1553,начертание,1363
1554,сбой,1363
1555,пустота,1361
1556,обида,1360
1557,кардинальный,1360
1558,датировка,1360
1559,нечаев,1360
1560,химия,1357
1561,датский,1357
1562,артемов,1355
1563,уклад,1354
1564,допущение,1352
1565,мягкость,1352
1566,австралийский,1352
1567,взаимозависимость,1352
1568,нетривиальный,1352
1569,ирландский,1352
1570,старуха,1349
1571,туча,1347
1572,подвижность,1346
1573,категорический,1345
1574,результативность,1345
1575,пьяный,1344
1576,ао,1344
1577,анисимов,1337
1578,пересказ,1336
1579,самобытность,1334
1580,концентрация,1329
1581,емельянов,1329
1582,алисов,1329
1583,кривой,1328
1584,заблуждение,1325
1585,петрухин,1324
1586,собирание,1322
1587,карамазов,1321
1588,михайловна,1319
1589,самооценка,1319
1590,внимательный,1317
1591,сапог,1316
1592,кодовый,1316
1593,расселение,1315
1594,трофимова,1315
1595,малочисленный,1312
1596,деструктивный,1312
1597,грязь,1311
1598,немотивированный,1311
1599,пишущий,1310
1600,рядовой,1308
1601,гибкий,1307
1602,общеизвестный,1304
1603,местоположение,1304
1604,свинья,1300
1605,жданова,1296
1606,титов,1296
1607,анатольевна,1296
1608,маркировка,1295
1609,грамотность,1294
1610,оппозиционный,1294
1611,оный,1293
1612,жестокий,1293
1613,хранитель,1292
1614,стержневой,1291
1615,анонимный,1290
1616,глупость,1288
1617,корректный,1287
1618,тоталитарный,1285
1619,деревенский,1284
1620,восторг,1283
1621,астраханский,1280
1622,харьковский,1279
1623,музыкант,1278
1624,юрьевна,1278
1625,ции,1276
1626,сталин,1274
1627,коза,1273
1628,епископ,1273
1629,графика,1272
1630,гудков,1271
1631,бесспорный,1270
1632,володина,1270
1633,худяков,1269
1634,влах,1266
1635,гимн,1264
1636,остроумие,1264
1637,евангельский,1260
1638,одинокий,1259
1639,туристический,1259
1640,емкий,1257
1641,трилогия,1257
1642,гете,1256
1643,франк,1256
1644,удвоение,1255
1645,крючок,1253
1646,москвич,1252
1647,основатель,1251
1648,сквозной,1250
1649,доцент,1247
1650,расцвет,1247
1651,новаторство,1247
1652,разъяснение,1244
1653,самоорганизация,1244
1654,богданова,1243
1655,добродетель,1242
1656,незавершенность,1242
1657,теленок,1240
1658,чаша,1240
1659,дубровский,1239
1660,ограничительный,1238
1661,зависть,1236
1662,рыбак,1235
1663,былой,1234
1664,простор,1233
1665,смягчение,1233
1666,саидов,1233
1667,крещение,1233
1668,ерофеева,1233
1669,булгар,1232
1670,верность,1231
1671,пирог,1230
1672,самобытный,1230
1673,полуостров,1230
1674,предписание,1230
1675,финн,1229
1676,действенный,1229
1677,комбинированный,1229
1678,ель,1228
1679,нисходящий,1228
1680,монета,1224
1681,осенний,1223
1682,делопроизводство,1223
1683,гимназия,1222
1684,социолог,1220
1685,путеводитель,1217
1686,младенец,1216
1687,сомнительный,1216
1688,коваленко,1213
1689,водка,1212
1690,лань,1210
1691,аномальный,1209
1692,ширшов,1209
1693,слепой,1208
1694,горло,1207
1695,костер,1207
1696,волевой,1206
1697,общепризнанный,1206
1698,отклик,1205
1699,кун,1205
1700,славный,1204
1701,удобство,1204
1702,фантастика,1204
1703,направленный,1204
1704,талантливый,1203
1705,продолжительность,1201
1706,аудитор,1201
1707,публика,1200
1708,межэтнический,1200
1709,диаграмма,1198
1710,капитан,1197
1711,щербаков,1196
1712,взор,1195
1713,палка,1195
1714,юрченко,1195
1715,гром,1194
1716,кличка,1193
1717,плач,1193
1718,имитация,1192
1719,гроб,1191
1720,теоретик,1190
1721,автоматизация,1190
1722,стадо,1189
1723,вознесенский,1188
1724,грусть,1187
1725,коран,1185
1726,ют,1185
1727,красильников,1185
1728,шапошников,1185
1729,дубровина,1184
1730,могучий,1183
1731,назарян,1183
1732,земледелие,1182
1733,газизов,1182
1734,жукова,1182
1735,анализатор,1182
1736,исповедь,1181
1737,ветка,1180
1738,муравьев,1180
1739,метаморфоза,1180
1740,горожанин,1179
1741,господствующий,1179
1742,дуализм,1178
1743,информирование,1178
1744,излишний,1177
1745,переименование,1177
1746,программирование,1177
1747,мнимый,1176
1748,фауна,1176
1749,сосна,1176
1750,вытеснение,1176
1751,тит,1176
1752,бд,1175
1753,публицист,1174
1754,русс,1172
1755,базис,1172
1756,герасимова,1171
1757,эталонный,1171
1758,вокальный,1168
1759,платок,1167
1760,рубашка,1166
1761,яд,1166
1762,строевой,1165
1763,писательский,1165
1764,искренность,1165
1765,посылка,1165
1766,усовершенствование,1163
1767,тор,1163
1768,виноград,1163
1769,индийский,1160
1770,логичный,1160
1771,загадочный,1159
1772,грязный,1158
1773,отрыв,1157
1774,гарипов,1157
1775,романс,1156
1776,пик,1156
1777,эн,1156
1778,молчанова,1156
1779,президентский,1155
1780,серб,1152
1781,компактный,1152
1782,мишень,1150
1783,воровской,1150
1784,осипова,1150
1785,мех,1149
1786,пестрый,1148
1787,импульс,1148
1788,наставление,1147
1789,стругацкий,1146
1790,неограниченный,1145
1791,экзотический,1144
1792,кустарник,1144
1793,невидимый,1143
1794,булыгина,1143
1795,рецензент,1142
1796,норвежский,1141
1797,демократизация,1140
1798,байрамова,1140
1799,неточный,1139
1800,фоменко,1138
1801,коновалов,1138
1802,матвеева,1138
1803,кай,1136
1804,проклятие,1135
1805,повседневность,1135
1806,превосходный,1134
1807,презумпция,1134
1808,родник,1133
1809,раздельный,1133
1810,внук,1130
1811,придание,1130
1812,благополучие,1130
1813,примечательный,1129
1814,венец,1129
1815,компетентность,1129
1816,носовой,1128
1817,агитационный,1128
1818,находка,1127
1819,брань,1127
1820,острота,1126
1821,преступник,1125
1822,интрига,1125
1823,пастух,1125
1824,шмидт,1124
1825,мета,1124
1826,родионов,1124
1827,возрастание,1122
1828,ванна,1120
1829,мор,1118
1830,зад,1118
1831,деформация,1117
1832,англосаксонский,1116
1833,дурной,1115
1834,композитный,1115
1835,межрегиональный,1115
1836,фа,1114
1837,рана,1113
1838,двадцатый,1113
1839,обладатель,1112
1840,файл,1112
1841,восхищение,1111
1842,громов,1111
1843,контейнер,1109
1844,эвм,1109
1845,тираж,1107
1846,мг,1106
1847,понижение,1105
1848,хана,1105
1849,местонахождение,1104
1850,богослужение,1104
1851,вымышленный,1102
1852,краснов,1102
1853,сословие,1100
1854,осуждение,1100
1855,пономарев,1097
1856,пересмотр,1096
1857,искренний,1095
1858,мышь,1095
1859,безусловный,1094
1860,дубовский,1094
1861,овраг,1093
1862,образцовый,1092
1863,подвид,1092
1864,девица,1091
1865,стоящий,1091
1866,переселенец,1091
1867,равновесие,1091
1868,деяние,1090
1869,каренина,1089
1870,гений,1088
1871,соприкосновение,1088
1872,еврей,1087
1873,востоковед,1086
1874,незнание,1084
1875,болгарин,1082
1876,троянский,1082
1877,аристов,1082
1878,феоктистов,1082
1879,мироощущение,1081
1880,смелый,1080
1881,односторонний,1079
1882,утка,1079
1883,структурированный,1077
1884,смола,1076
1885,неодобрение,1076
1886,нравственность,1076
1887,порок,1075
1888,карман,1075
1889,поздравление,1075
1890,автобиография,1074
1891,размытый,1074
1892,христианин,1072
1893,вернадский,1072
1894,насмешка,1071
1895,айрис,1071
1896,чеховский,1070
1897,ненужный,1070
1898,кб,1070
1899,таинственный,1069
1900,интернационализация,1069
1901,австрийский,1068
1902,метеорологический,1068
1903,созвучие,1067
1904,доступность,1067
1905,отчетливый,1066
1906,юриспруденция,1066
1907,суровый,1065
1908,насущный,1065
1909,недоступный,1065
1910,показ,1063
1911,абсурд,1063
1912,перестановка,1062
1913,серебро,1061
1914,комсомолец,1060
1915,речной,1058
1916,проскурин,1057
1917,неудачный,1056
1918,молния,1056
1919,мелодия,1054
1920,голый,1054
1921,классовый,1054
1922,швейцарский,1054
1923,чашка,1053
1924,ров,1052
1925,интерфейс,1052
1926,вовлечение,1051
1927,узор,1050
1928,знаток,1049
1929,авилов,1048
1930,меньшинство,1048
1931,казачий,1048
1932,каримов,1048
1933,тибетский,1048
1934,летучий,1047
1935,дань,1047
1936,неуверенность,1046
1937,отчаяние,1046
1938,грамотный,1045
1939,шутливый,1045
1940,легкость,1043
1941,сочувствие,1043
1942,железо,1043
1943,малышев,1043
1944,детективный,1043
1945,безобразный,1042
1946,миниатюра,1041
1947,упрощенный,1041
1948,очаг,1041
1949,суеверие,1041
1950,кумулятивный,1041
1951,христов,1039
1952,кум,1038
1953,дебаты,1038
1954,собачий,1038
1955,изменчивый,1037
1956,мистический,1035
1957,тестирование,1035
1958,уступка,1033
1959,звон,1033
1960,передаваемый,1033
1961,павловский,1033
1962,предсказание,1032
1963,жар,1030
1964,представительный,1028
1965,терпение,1027
1966,многовековой,1027
1967,пекарский,1027
1968,добавочный,1025
1969,колодец,1025
1970,твердость,1024
1971,опровержение,1024
1972,двойственность,1023
1973,хор,1022
1974,керим,1022
1975,данность,1022
1976,первоисточник,1021
1977,балл,1021
1978,артист,1020
1979,мифический,1020
1980,оправдание,1018
1981,записной,1018
1982,кал,1018
1983,красавица,1016
1984,белорус,1015
1985,веревка,1015
1986,презрение,1015
1987,конспект,1014
1988,ермолаев,1014
1989,еремин,1013
1990,рукав,1012
1991,гордый,1012
1992,неустойчивый,1012
1993,многоплановый,1011
1994,нищий,1011
1995,волнение,1009
1996,воронина,1009
1997,вт,1007
1998,телепередача,1004
1999,нетипичный,1004
2000,оригинальность,1003
2001,ежа,1002
2002,вертикаль,1002
2003,соседство,1001
2004,естественность,1001
2005,василенко,1001
2006,чрезмерный,1000
2007,каковой,1000
2008,бондарев,1000
2009,вебер,1000
